country,51 Open evergreen broadleaved,52 Closed evergreen broadleaved,61 Open deciduous broadleaved,62 Closed deciduous broadleaved,71 Open evergreen needleleaved,72 Closed evergreen needleleaved,81 Open deciduous needleleaved,82 Closed deciduous needleleaved,91 Open mixed forest,92 Closed mixed forest
Chad,0.0127241811152432,0.0040253874547793,0.0274991597653991,3.088982162523724,0.1430039299235392,1.763216133099377e-07,0.0005215546484477914,0.0,0.4053665698843769,0.0
Malawi,0.0846364193084358,0.1481006615228399,0.0294432347070189,4.339222158341901,0.0414809345353349,0.00023895735385792705,0.1439785898041759,0.0,0.2260643254879752,0.0
Zambia,0.1678171717413682,0.0245769903801218,0.0567225312658837,46.01930053315167,0.0565658169422859,3.6920878116575295e-05,0.0532586415640612,0.0,0.5005862773305432,0.0
Zimbabwe,0.2012029580590812,0.27079398726562,0.3696654711441167,19.020396104120344,0.0440250787036157,2.5673875825305004e-07,0.0016336355469786,0.0,0.3960583892659451,0.0
Botswana,0.022417449212969,3.978961512775841e-05,0.050880399602162,2.629446090865937,0.0006240108801564731,0.0,9.464207905735708e-05,0.0,0.0468062722288353,0.0
Namibia,0.0794203881541247,0.00011106136357780955,0.0012710213898013,0.794514309566335,0.0022610053860903,0.0,0.00033894168014488095,7.902510645863003e-08,0.5302623611079686,0.0
Angola,0.366379604395023,7.704629302109523,0.0516409096210475,72.07511976023537,0.0653998068150104,7.173066940424633e-05,0.0049286833406728,0.0,0.7895473742220229,0.0
Burundi,0.0448670118618408,0.0730651902473121,0.0070203582490953,1.003070491262655,0.0031442773538396,1.3388274098247166e-06,0.00010470651901390978,4.54803443972196e-06,0.0370479752782666,0.0
Rwanda,0.0341791820064854,0.1554266503575125,0.0063423749962072,0.6015744002092687,0.0018508031659154,3.932003572515441e-06,0.0003071548690368006,5.003635330069756e-06,0.0224214604706444,0.0
South Africa,0.1290558260495066,1.5998945331834191,0.6041737099222655,17.87491628701655,0.0862800480587693,1.493362724147573e-06,0.0062624307925886,3.146703662082473e-07,0.1970621815219924,0.0
Lesotho,0.0017985845374234,0.0001825620161142183,0.0006706464563066562,0.1499696944704597,0.0012732899450675,0.0,7.50806662850323e-05,0.0,0.008348140387931,0.0
Swaziland,1.0178064194121816e-05,0.1254225922177313,0.0315705069615276,1.06673020430304,0.0,0.0,0.0,0.0,0.0,0.0
Niger,0.001555817995073,1.6520491641358603e-06,0.0008156701155309176,0.0222985835288535,0.2196491912535312,0.0,9.733572390757672e-06,0.0318492054793711,0.0892464142251324,0.0
Sudan,0.0331809023973731,0.002227856501834,0.285199520095562,1.55726555395445,1.765117938134256,6.804961074635685e-06,0.0003008669493596017,0.0027220502654518,0.2195797695092136,0.0
Libya,8.645410872532011e-06,6.036745787696418e-07,0.0244367585419028,0.0090724131966268,0.0022890717502076,0.0365281320053074,2.444559369507715e-05,0.0010033289663482,0.0012419931473881,0.0
Tunisia,0.0033736982199936,0.0006320143375835604,0.0028116635623612,0.1835513874228118,0.00037834961053801846,0.0708695471452205,0.00020265845137123952,0.0018729512177621,0.0097314878253819,0.0
Egypt,0.0002525781974824781,1.0636688280385442e-05,0.005261530790402,0.0045155688940107,0.0019393718768815,0.0315205202402584,0.00028602952159673123,5.4422678410048775e-05,0.0062415346278556,0.0
Eritrea,0.0139267960654496,0.0010182969469153,0.0066512231215191,0.04755524833191,0.0068279227486494,1.2265536042832537e-05,0.0004485774507259066,0.0017054023036575,0.092496021347362,0.0
Ethiopia,0.4955336750462551,10.99034093892394,2.4553881059804685,23.504568124561874,0.1797368134638387,0.011357370927044,0.0035220866257131,0.0,0.7418211843034118,0.0
Djibouti,4.058529833157291e-05,4.553318795785799e-06,0.0002992092643125943,9.457352952324529e-06,0.0001740734039614722,0.0,0.0,0.0,0.0061643101156127,0.0
Somalia,0.1894025615210404,0.0075076661592117,0.2963744347517622,0.9479212014251376,0.188684883157694,0.0729646908637784,0.2468704795716282,0.0002382996017797221,0.3092678833253332,0.0
Kenya,0.3867228107979416,2.007013426606039,0.105861894238227,4.503725245803469,0.1018937340620445,0.001413901865412,0.7066326244609398,0.00027963425723953605,0.528989616511935,0.0
Uganda,0.1024727108678584,2.011673979483584,0.023938600947782,7.435150404814048,0.0199303473639147,0.00017806318200123717,0.0012882853512865,0.00017503060714574303,0.1129786810327263,0.0
Tanzania,0.689919499424244,1.822719387459225,0.0789819117751359,40.34213210065332,0.2381092191565658,0.0054265088786469,6.395768250690099,0.0006102886902112914,1.1600678779248614,0.0
Mozambique,0.3768792781048372,3.722374144930173,0.8117713690802804,58.067053262077096,0.0469084013864821,9.907648376383804e-06,1.3158065810788866,0.0,0.4192398105672911,0.0
Comoros,0.0017895542155252,0.0651051790652844,0.0012248424870355,0.0641760820725453,0.00018478226315516076,2.58747675587756e-05,0.0207588141271777,0.0,0.000303214338421419,0.0
Madagascar,0.6394902715804415,10.624365041306104,0.2060222941834875,11.23333485317992,0.2849680523822349,0.00025797213449862966,0.0076861599674431,2.2062429238189907e-05,0.1577064582565489,0.0
Cabo Verde,0.0,0.0,0.0,0.0,0.0,0.0,0.0,0.0,0.0006813783696903127,0.0
Mauritania,0.00011320763090338914,1.7300564536526508e-07,7.18682071573196e-06,0.0074547738387266,0.00023283892689832163,0.0,3.433794972806936e-07,0.0,0.0038985859182426,0.0
Morocco,0.0540097361686343,0.0044127125609428,0.0316619265065903,0.561062464798123,0.0098331778517999,0.6458754204765095,0.0010699613033901,0.001409056701604,0.0546664026309202,0.0
Algeria,0.0287023009438098,0.004554203858549,0.0339699780524347,1.1201005074467412,0.0022566502068036,0.6241069030165203,0.0080777532602739,0.2679731909034188,0.1313221721713757,0.0
Mali,0.0439862963473072,0.0055225914028507,0.0045466372685088,5.139729074368665,0.1119129658795752,8.792295602688682e-08,3.2345456716598164e-05,0.0014566804245653,0.4324046813384627,0.0
Burkina Faso,0.0320949843109564,0.00022247821989044135,0.0682532459016836,2.016824565164514,0.7175362857415052,0.0,9.451510976532518e-05,1.0662089074742198e-05,0.6787256939774847,0.0
Togo,0.0272430083907308,0.1301094738296214,0.0622767971986428,3.683001223139856,0.1097228778876777,0.0,2.4155448252047027e-05,0.0,0.1403718761129558,0.0
Ghana,0.1372688591299548,1.2730939785383908,0.0787709301799862,14.339608672404808,0.0267062689733623,3.295783400858454e-06,3.186133149313264e-05,0.0,0.1760846352253517,0.0
Cote d'Ivoire,0.5978750063952372,1.9721075749801469,0.0414869303305511,25.594097990092184,0.0031842076618753,3.563999372482395e-05,0.0002636904636290182,0.0,0.0964132209134498,0.0
Guinea,0.1229302584587313,0.6006385292959862,0.0605123562332269,21.5219708481146,0.0029271476863284,5.123987822845693e-05,0.00016038575121457346,0.0,0.1323783654792105,0.0
Senegal,0.0409312454741108,0.0013811211075339,0.002248614679559,3.427322340238653,0.0046447401663239,8.724011735239402e-08,8.317172826366459e-05,0.0,0.0869427713304974,0.0
"Gambia, The",0.0014176158712445,0.000104419031861722,0.0005326495769391577,0.3720907903470736,0.0005852058776986714,0.0,1.1314921358973606e-05,0.0,0.0030810400217209,0.0
Guinea-Bissau,0.0040112582971866,0.0093357982000419,0.0139183228865451,2.666954804634932,0.00020284769053676777,6.999404984456118e-06,1.4324394136622232e-05,0.0,0.0032544777754563,0.0
Sierra Leone,0.1007596538961566,0.9003872241953963,0.0605291870260384,5.807516091835507,2.1067398216700893e-05,6.8956292693656e-06,0.00013567939647536636,0.0,0.0008873472202056093,0.0
Liberia,0.3333417553839549,6.375989244180092,0.0405849778809003,2.6702967400022404,0.00023138013986891013,4.004240703583754e-05,0.00013997220687595664,0.0,0.0017482146426341,0.0
Benin,0.0708173823553612,0.0232338275061275,0.117455098662735,7.064928433279796,0.2483701195217758,0.0,0.0002038766501003381,1.5795703021126428e-06,0.4072281477222114,0.0
Nigeria,0.352072205099698,7.125057252430496,0.2604574953372554,27.623647561732277,0.8599866357038402,0.0002317656166965776,0.0018078011102125,0.0038739010448427,1.5002313677726686,0.0
Cameroon,0.0901808894073471,23.84619006786561,0.0402207943055497,15.011944878993567,0.0743757709693375,0.0004379026188214048,0.0009174450150155168,0.0,0.1524693560935625,0.0
Equatorial Guinea,0.0074419943013491,2.5966883786448007,0.003257738995487,0.0184342900880058,1.187758418246167e-05,5.807683400860242e-06,4.078585089187117e-05,0.0,0.0005940825335409383,0.0
Sao Tome & Principe,5.362041335388312e-07,0.0916425737681025,1.877293215102327e-06,4.469820993335816e-07,0.0,0.0,0.0,0.0,1.52025080524254e-06,0.0
Gabon,0.1095261414533741,23.463124810151783,0.0467165456464352,0.5450312415630195,6.620487149140952e-05,2.4030099041283396e-05,0.0010672251082652,0.0,0.0028442974070747,0.0
Rep of the Congo,0.0317142858439847,19.354087376318702,0.053815020955361,5.504335501834527,0.00048702712347135294,0.00036285739903419486,0.0026639800890243,0.0,0.0112972288649528,0.0
Central African Rep,0.0652886809407806,9.561967629253049,0.0322030530413654,46.58450047638543,0.0002639784958606351,1.7392252813408506e-05,0.0012310685962436,0.0,0.0705853394767128,0.0
Dem Rep of the Congo,0.6226207460956592,119.12694209623967,0.1976764028145463,83.388572314335,0.0140806948648118,0.0014374164571675,0.0193698442203404,0.0005041481652483526,0.1802505131352466,0.0
Japan,0.2812143175061598,0.2085986457032249,0.1726148347260144,16.769380511908864,0.0134325323298229,11.722675220494478,0.0261188008258945,0.0538442002504151,0.0067575061641024,0.0
"Korea, South",0.0438691431430071,0.00034469334525254577,0.0213182025899367,5.945320533409154,0.0080520477784165,0.6429341035255699,0.0001869835917009301,0.014944287661929,0.0004687538085255651,0.0
"Korea, North",0.0195336442645703,0.00016370345069794762,0.0073137070028939,7.391658262610264,0.004852520965031,0.5240697141964674,0.0234181126257014,0.565034505295932,0.0004633797840161176,0.0
China,0.1950417326478098,0.0112644927412725,0.0480082980620985,47.73666391645235,0.1067788098334638,3.010930242512125,0.9457367069126772,9.84717511769607,0.0046880909568815,0.0
China,0.0020209071851019,0.002706204496107,0.0426570138999239,0.3109587626170475,0.052880050519094,2.850877441667001,0.1007686734606364,2.0949676881502324,0.1746665502691029,0.0
China,0.107782380772201,7.801608379288901,0.2950862429840284,6.982963491473463,0.4044965328183656,34.621102957574365,0.0128693597944757,0.0038752703348732,0.1875714215603571,0.0
China,0.0279484762530143,80.17507034260629,0.0610568080116572,16.612853537938953,0.0034309793256829,14.417553955441669,8.570668590834885e-06,4.2948964221523056e-05,0.0034000464615518,0.0
Russia,1.6567491908610292,0.0030590491208079,0.6079199952690665,58.40958472566966,0.1368784874928851,17.638629231959484,20.396965393717384,0.1773754951973307,0.2249633574179855,0.00021618295875694903
Ukraine,0.6674648153921723,0.0006297938911928873,0.236565828033823,6.504312483103417,0.0351259522769965,3.9164609775729433,0.5241534622439541,0.0073942510660879,0.0450541979640949,0.0
Romania,0.315789500798457,6.309442689200751e-06,0.1421875532607474,6.4246843783663055,0.0165930272563594,1.5302409608373366,0.652495362363655,0.0054577205990068,0.0198266917701459,0.0
Moldova,0.0364934517907658,1.1684021004043643e-06,0.0035312621802945,0.3033922000545425,0.0007794421418539873,0.015406156779106,0.0006583649469661169,0.00011444132048390932,0.0036239841737464,0.0
Russia,0.5754926124407871,6.533258327122028e-05,0.4495663127734,15.993018452305176,0.0101090738993828,56.74048996615136,15.882545212096248,0.106206751799627,0.2547888436295653,2.0994197963075685
Finland,0.1897997562815996,4.229348001771882e-05,0.3657112795130795,3.449945990058712,0.008570374138225,15.956266059053862,4.770592896790963,0.1302797987602741,0.1443924904561494,0.0
Norway,0.0786959402377278,0.00035476910190348967,0.1305073850781645,6.718104848533737,0.006863327142004,8.103363133158306,1.3709144835735392,0.0365780488180972,0.022300936620814,0.0
Andorra,0.000142470785663576,1.2947933282619569e-05,0.0004512831707839439,0.0014097275945145,0.0012651102681471,0.0225042978554531,0.00013506643470424473,1.570217013124875e-05,0.0016374729979282,0.0
Italy,0.2251188984657411,0.0052193429411741,0.1774400177132001,7.217029104797343,0.1191457696468295,2.575126421033449,0.3956058894049134,0.0054004149747672,0.1764059972842062,0.0
Monaco,5.850475375268616e-07,0.0,1.441369115732815e-06,0.0,5.111723889488565e-07,7.028148229131139e-06,1.300063985354427e-07,0.0,0.0,0.0
Malta,3.626673160999203e-07,7.272486612919239e-08,1.5912804522432612e-06,1.454884070994922e-07,8.760640867830947e-06,4.383697824531888e-06,7.278447355929529e-08,0.0,4.218318039761471e-06,0.0
San Marino,4.780357177528079e-05,3.4116596492371992e-06,1.2527086637285667e-05,0.0010727692062358,6.350178161085296e-06,0.000115458973693798,1.1115105287840423e-05,1.9514868679446888e-07,2.9379399157475665e-05,0.0
Croatia,0.0906311150454596,0.0003311116136128821,0.0273221169641103,2.3680911759738934,0.0099289433005151,0.2115003399860157,0.1689977323819514,0.0022420662458674,0.0385948120535391,0.0
Albania,0.0135732612179865,1.445442921266249e-05,0.0096147588883961,0.5960209070271812,0.0117609135566129,0.224080226051098,0.0181347230218502,0.0004994591447583907,0.0290395932794817,0.0
Bosnia & Herzegovina,0.0285136927406093,2.3524025998256093e-05,0.0070769088979714,2.947212192114584,0.0083812318074971,0.3831741276919604,0.2612086198262767,0.0007165964002898223,0.025159297354008,0.0
Montenegro,0.0098381489816759,8.997179179459636e-06,0.0030751660617203,0.6585052133056266,0.002303988683407,0.1387902392178784,0.0310815778060058,0.0002253432107008614,0.0149053363218852,0.0
Serbia,0.0112623457866855,4.290768707448933e-06,0.0037804051680788,3.4281016551406047,0.0016285082446364,0.1741117727815392,0.1401841898249344,0.0001096830688178822,0.0035993079254587,0.0
Greece,0.0075898517925475,0.00025684428053367853,0.010500346848906,1.786337680589096,0.0411924731399667,1.9393986535736376,0.0530903037208851,0.0002169654761150009,0.0314212297554142,0.0
Macedonia,0.0002240087441975902,0.0,8.419284623784051e-05,0.9260504687700434,0.0006680996215860425,0.0773673874891019,0.0304706017778368,0.0,4.131873504936342e-05,0.0
Bulgaria,0.0284694237424454,1.2665493329677702e-06,0.0074336264314762,3.5614420921835808,0.0092920021211783,0.7853977743513617,0.1981659483620077,0.0004434147134422433,0.019846635449644,0.0
Portugal,0.0647736885920642,0.0102414665652148,0.0634979401586281,2.231122881820981,0.0166640187991852,2.1893009737729825,0.0035968852686342,0.00021727399560234065,0.0344482361932506,0.0
Spain,0.1762842685246139,0.0201629421019552,0.2451120905841731,7.380345132992605,0.1006568208825636,8.645654818698048,0.0468161759176501,0.007073545628061,0.3434205777819804,0.0
France,0.7276883216074024,0.0040860118992686,0.3639862994854757,12.63995649222144,0.1416595793994344,5.998748007127229,0.608112535838412,0.0099957151970072,0.2254000013381804,0.0
Sweden,0.1419712045755612,0.00019297899032221777,0.30135568629234,5.015717997898545,0.0163819419575103,22.83820392670856,3.5207843696153223,0.0972448882709634,0.105927048418304,0.0
Denmark,0.0208993906904185,0.00011818309599073128,0.0205714312244294,0.260198318505996,0.0071855175292467,0.3015235415449014,0.0733752138426031,0.0049585184091206,0.0063663937276882,0.0
Estonia,0.1274760069050511,1.3234466607059403e-06,0.0436048975579151,1.0191663248267624,0.0042091517100074,0.9504580468319654,0.5136016522758575,0.0171135927059716,0.0529618806072342,0.0
Latvia,0.1855442654885848,1.4376943440197465e-06,0.0742266599742816,1.4328867002939072,0.0040520679233861,1.4339390776198555,0.5758473944813304,0.0185994131914813,0.0725185624772237,0.0
Lithuania,0.0938448173618745,1.7373255971619983e-06,0.0430330206359057,0.9198352359109764,0.0016645080180675,1.0952110447326668,0.3932870043121896,0.0044921276932789,0.0362308556828863,0.0
Belarus,0.2847691372490598,1.542277015786908e-05,0.1146561057087684,3.663619532865969,0.0189475491519099,4.768758012005525,0.9733765582465044,0.0211079564706627,0.0222533928284943,0.0
Poland,0.232409707039871,0.0016256179031587,0.2310645996649366,2.788861742756972,0.0146131531525273,7.082505146193843,1.1312454597154853,0.0172185073885401,0.0282300567021577,0.0
Germany,0.582022202729843,0.0035276392568286,0.4383261981430961,4.186790298663947,0.1411653646665629,6.091739153141514,1.7702724003011332,0.0386192820299752,0.0556821772376459,0.0
Czechia,0.1318498327499988,0.0017442662886708,0.1405228897255934,0.8395735244777425,0.0125173361416736,1.8408990353524888,0.3362712794790983,0.0133461956863664,0.0164680882127089,0.0
Slovakia,0.0984077866274375,0.0001399758666131845,0.0596575354093416,1.6207414860228215,0.0034271470729597,0.6373696896835986,0.1829545905653904,0.0025853766455152,0.0070665545803728,0.0
Hungary,0.071770716849991,7.181100453834688e-05,0.0237773772775341,1.879902322443021,0.0051383818164808,0.2111103713970079,0.0456474590272951,0.0019675162251514,0.0125125025379654,0.0
Slovenia,0.0835525721955355,0.00028416142031781365,0.0604227905061309,0.7209062308500714,0.0094670668607089,0.3180192243093062,0.2498634058620617,0.0026901114977682,0.0073200603397459,0.0
Austria,0.1398680186685712,0.0018372584624524,0.2140924719410845,1.00203114412317,0.1161738856424052,2.9975829583137465,0.3520336701987104,0.0119974764921459,0.02920081240099,0.0
Switzerland,0.0939241534969469,0.00029709886437167795,0.1016759419303692,0.6186273656676209,0.0546186884763595,0.8249692566985011,0.1670906560343124,0.0012882807939438,0.0168351782380277,0.0
Liechtenstein,0.0003735487919447185,1.5922661305012298e-06,0.0004931134223720694,0.0021528367731205,0.00022323645821251595,0.0060862442787647,0.0007045086494291492,6.645395947406782e-06,8.15267505761513e-05,0.0
Luxembourg,0.0099893877442951,4.444436271369363e-05,0.0037492537671669,0.073457834461566,0.0011308519360414,0.0220201485667403,0.0080038425422471,0.0003447498283194352,0.0005352811331881367,0.0
Netherlands,0.0550170527723259,0.0003840309815465318,0.0259929052937123,0.1870830266030498,0.0096302032694881,0.1719587660518907,0.0946291600981215,0.0024517472809685,0.0038620733755661,0.0
Belgium,0.072232845422009,0.00041671706049677495,0.0298115270188629,0.4013660066231546,0.010158082363497,0.2646569916872608,0.1267463904215465,0.0052563281318286,0.0031999182251606,0.0
United Kingdom,0.0772345768534764,0.00025631790296102403,0.1171659791489183,0.6836180017086553,0.0045771984741671,4.173993427293516,0.0052050987672056,0.0003210004904541053,0.0024504642258426,0.0
Ireland,0.005421114155944,1.6311711277778077e-05,0.0711343550535608,0.0484072650552019,0.0019326972550615,1.049688852471225,1.5877596695190732e-06,0.0,2.2732452135652267e-05,0.0
Iceland,0.0,0.0,6.533090406435349e-07,0.0,2.7353279843111975e-05,0.0091383260724302,0.0,0.0,1.6849609789204578e-05,0.0
Russia,0.9902421966477706,6.03954488624936e-05,0.7685193927137112,77.06024133608466,0.9668069369410484,86.97069710060714,31.33262494275708,60.244901603762486,0.1775529714133815,8.853172312897454e-10
Russia,0.1715214895234097,0.0002627544110787028,0.5347610025818145,10.598977176306198,0.4169818533388718,61.54203595108993,12.038533341458145,117.90775372817036,0.5214461170748762,3.3983346911939217e-06
Mongolia,0.0043531566066429,0.0,0.0047497507757762,1.4249871534179308,0.0226539130717334,1.5124725589706136,0.0546727525538002,9.915670896499906,0.0239823060793374,0.0
Russia,0.2548627267175999,0.0,0.0743276196021206,17.647427956834036,0.4888834963124344,10.55401527513366,0.7281173109416632,137.9094209265623,1.0546992002216184,0.0
Russia,0.615912188077274,3.3227514554609755e-05,0.5385880849410936,31.8616016834814,0.6460722137672894,39.75450822324464,9.673826930244427,68.21490192464344,0.4068748670910606,0.0
Maldives,1.5081667807153818e-05,0.0008909404241513118,1.020087782845336e-05,2.010960277705938e-06,1.5535066571501105e-05,2.019790983075497e-06,4.441277923206144e-07,0.0,9.916492333709758e-06,0.0
Bhutan,0.0097042981030034,1.2113697988980467,0.0342781245980813,0.2977911889380754,0.0411384299795647,1.6143097260261154,0.00250810714524,0.0,0.0063341588979916,0.0
Afghanistan,0.01094923964671,3.720132421136668e-05,0.0307005322222706,0.0583715460885139,0.4795747827787159,0.3693333561436079,0.0091037660920455,0.0342475629715462,0.10570208524417,0.0
Pakistan,0.0482655517259168,0.0013323322954619,0.1357378536869244,1.4136320660034898,0.6149484632505398,2.059634168616784,0.0065739537496441,0.0260453172504478,0.0966476025014558,0.0
Nepal,0.0731575748938736,0.5750439841919517,0.1246982341273648,5.439301908652514,0.1267933712346617,3.347215185294304,0.0019492251028948,0.0006351053730284661,0.0229978689795558,0.0
Sri Lanka,0.0082649850348514,0.8819356429601181,0.0747781251959838,0.1751934197533139,0.0047655604224993,1.124090405888044,0.0136140944162673,0.00016384574485073244,0.1434591364945956,0.0
India,1.4824257045597622,13.85174587484813,0.9019676020939208,56.74352179463706,0.4395556662740689,11.874670631711377,0.0666182203855305,0.0022302122331715,2.051063916992428,0.0
Bangladesh,0.0397325872583059,0.4429640097044049,0.0279939268170148,0.7603417489458434,0.0014846195278315,0.0141620435424217,0.0071094408765817,8.212312252453557e-08,0.0374000873691698,0.0
Palau,0.0,0.0,0.0,0.0,0.0,0.0,0.0,0.0,0.0,0.0
Nauru,0.0,0.0,0.0,0.0,0.0,0.0,0.0,0.0,0.0,0.0
Tuvalu,0.0,0.0,0.0,0.0,0.0,0.0,0.0,0.0,0.0,0.0
Cook Is,0.0,0.0,0.0,0.0,0.0,0.0,0.0,0.0,0.0,0.0
Tonga,0.0,0.0,0.0,0.0,0.0,0.0,0.0,0.0,0.0,0.0
Niue,0.0,0.0,0.0,0.0,0.0,0.0,0.0,0.0,0.0,0.0
Samoa,0.0,0.0,0.0,0.0,0.0,0.0,0.0,0.0,0.0,0.0
Marshall Is,0.0,0.0,0.0,0.0,0.0,0.0,0.0,0.0,0.0,0.0
Kiribati,0.0,0.0,0.0,0.0,0.0,0.0,0.0,0.0,0.0,0.0
Fed States of Micronesia,0.0,0.0,0.0,0.0,0.0,0.0,0.0,0.0,0.0,0.0
Papua New Guinea,0.0070306536494275,40.10658137545253,4.673160918855501e-05,0.0001433484826732774,0.0148432674796495,4.022034311645939e-05,0.0196513398899123,0.0,0.0017156468931916,0.0
Solomon Is,0.0,0.0,0.0,0.0,0.0,0.0,0.0,0.0,0.0,0.0
New Zealand,0.0122532734889815,8.832154051853696,0.0330648132747189,0.0,0.0299887804340718,0.000606036127047272,0.0205355874651689,0.0291057440088976,0.1093136193762257,0.0
Fiji,0.0,0.0,0.0,0.0,0.0,0.0,0.0,0.0,0.0,0.0
Vanuatu,0.0,0.0,0.0,0.0,0.0,0.0,0.0,0.0,0.0,0.0
Indonesia,0.0536128948936769,155.8086609027791,0.0090315876811085,0.0032182327576236,0.0090338275929458,0.0002092682103989653,0.0139857469790751,8.799432293926658e-08,0.0191608479613863,0.0
Singapore,3.574958995500311e-07,0.0086321878044516,0.0,0.0,0.0,0.0,0.0,0.0,0.0,0.0
Brunei,0.00012676517673099294,0.5375156119308814,0.0,0.0,0.0,0.0,0.0,0.0,0.0,0.0
Philippines,0.0022923036793707,18.949737633262536,0.0114105628455825,1.6554603851548063e-06,0.0025534623752029,0.0002264996996326633,0.0025131974950289,0.0,0.0137972974694807,0.0
Timor-Leste,0.00014600424606772092,1.1138918798051685,0.00047568365507154174,0.001000026430857,0.0019552283793682,8.844093457582859e-08,0.0006351063799674445,0.0,0.0014323524909016,0.0
Malaysia,0.0037303815764929,27.7765317061534,7.778626880715209e-05,0.0037897672522799,3.7322494748082136e-06,8.231283615408395e-05,7.92687550023063e-06,0.0,4.463855737838583e-05,0.0
Thailand,0.1636401818002266,8.01018833141702,0.0924727184316113,9.542897781187952,0.0182222540852492,1.0311491453436896,0.0085481584990278,5.52201315002776e-05,0.1900451679784723,0.0
Burma,0.448455709349808,19.306016381428723,0.3692838704838448,18.25304728393706,0.0640040786804062,4.122064525460287,0.0780735109244594,0.0008677983233429735,0.5872724698692325,0.0
Laos,0.00031379800550796204,10.434012033870443,0.0044315990637973,3.3609010411855604,0.0009501844088693664,0.9797687275739978,1.78151981344854e-06,0.0,0.0007949332434748158,0.0
Cambodia,0.00010543385995021026,4.627234037931469,0.0064247076220523,5.507738109647381,0.00026268768421999766,0.0425080802874341,0.0,0.0,1.2199152550351755e-06,0.0
Vietnam,0.0006103434451022134,9.323534175201488,0.0010561890366726,3.3049526999108414,0.00021633942951195637,0.8631695735567669,2.1645930630143084e-06,8.418763997042333e-08,0.0002490936338205074,0.0
Oman,0.002011130141825,0.0,1.8561306895037436e-05,0.0,0.0051795979451991,0.0074198382888847,0.0008832827608103168,5.620455466015528e-05,0.0280411182575733,0.0
United Arab Emirates,0.0393403974909376,0.0,3.556473846716097e-05,0.0,1.1996078358229885e-05,0.0,0.0004131976198468067,0.0002669690216584834,0.027440003802443,0.0
Qatar,0.0070011930609723,0.0,0.00014396014445204472,0.0,1.3036963494528209e-05,0.0,0.00017315182437495846,0.00026405440866739127,0.004765197664497,0.0
Bahrain,0.0005790509628342273,0.0,3.231142769806183e-05,0.0,8.366083932287438e-06,0.0,6.840135986576057e-05,0.0001980607542270885,6.951662829675119e-05,0.0
Iran,0.6274269748143261,0.0007757361805340511,0.1005600699856454,2.0256961480683824,0.0409474008722023,0.1201052231530661,0.2466480719862221,1.1606072109508605,1.0643226176143117,0.0
Kuwait,1.5531303887428296e-07,0.0,0.0,0.0,0.0,0.0,0.0,7.860999531317248e-07,1.0824499362627192e-05,0.0
Azerbaijan,0.0018501551848184,0.0005857040932396858,0.0015698196420683,1.3178213473724094,0.0182317822834143,0.1981973366997648,0.000472982594868849,6.744731706476159e-08,0.0046198642343773,0.0
Armenia,0.0018680784710906,0.000527209817895248,0.0019173301466834,0.4463662018053994,0.0030080761485197,0.0943991981578224,0.000676871923760795,4.791282108840278e-07,0.0056219801091912,0.0
Georgia,0.0072768457154047,0.0032446345426897,0.0082520058866701,3.293017041863538,0.0211616265628115,0.6256814324249189,0.281134880957046,9.474035514500656e-05,0.0026472766637736,0.0
Turkey,0.0856580227436833,0.0050362116798345,0.2662066834146421,5.6863426602408245,0.8217361280263047,8.581548564243926,0.3019612753184708,0.0071571198802957,0.2886618122518887,0.0
Cyprus,0.0001910478032556284,1.9631859913715743e-05,0.0036596887154434,0.0044746264214229,0.023385642922962,0.1760209154908306,0.0002459833598795941,5.037012082453885e-05,0.0064606659423145,0.0
Israel,0.0008418111780784164,4.973598805690926e-06,0.0009387450437415344,0.0140570286111774,0.0011657145979043,0.0440765229909639,0.0002703385074117286,5.414787096924556e-06,0.0058028051413631,0.0
Jordan,0.00020238980446407595,2.3504765280790707e-06,0.0001925557650964976,0.0014182812488954,0.0007405559671726077,0.0061628985116006,4.9817830745046106e-05,0.0,0.0148003854179456,0.0
Saudi Arabia,0.0116543018480313,0.0011936178718249,0.0013235133879941,0.0062041722678291,0.0003807024930679858,0.00012985239703056095,0.0010460255853889,0.0006583533845702272,0.2203780958267533,0.0
West Bank,4.916810808110232e-05,0.0,3.32595970202281e-05,0.00010930453754896768,6.429726274174696e-05,0.0013469172494604,1.5061157155042012e-05,1.684161965442854e-06,0.0016046213140009,0.0
West Bank,0.0,0.0,0.0,0.0,0.0,0.0,0.0,0.0,0.0,0.0
Iraq,0.0010119166405218,8.50940629248953e-05,0.000856639890360704,0.0026077220390417,0.0068661033724134,0.0562897157033048,7.408961926312057e-05,1.1683714120636068e-06,0.0038109238323839,0.0
Syria,0.0032045078504372,3.31786933429612e-05,0.0027000758338653,0.0465264767267566,0.0084671515791844,0.1195735658241639,0.00037797337946828105,0.0003510476717244327,0.0236782018052326,0.0
Lebanon,0.0028949792770976,2.5599262237108175e-05,0.0018993848252932,0.0254986117415937,0.0031050677575727,0.0995191305518597,0.0003544287355024146,1.2639461104413383e-06,0.0124200044957533,0.0
Syria,7.512058530778631e-07,0.0,3.832327891473142e-06,3.0032065723162304e-06,3.683305642709911e-06,0.0002151175193391146,2.329406116112242e-06,0.0,2.94629436615312e-05,0.0
Syria,5.927719242336315e-05,2.2542236877143298e-07,8.659547984561357e-05,0.0005868496623415186,0.0002363866783258238,0.0057393557147848,6.026197622572664e-05,7.548097613607753e-08,0.0004983532374618662,0.0
Israel,3.015477147982893e-07,0.0,3.755083142571752e-06,1.1279350348679469e-06,2.4691651615329664e-06,5.529525226510192e-06,1.217028197574974e-06,0.0,1.5914136623432924e-06,0.0
Syria,1.0851585105871988e-05,7.525971312816182e-08,1.867442334533026e-05,0.00010963244462753132,2.3722485240805146e-05,5.146304681836548e-05,2.4652375187502803e-06,0.0,2.3614578410827418e-05,0.0
Syria,0.0,0.0,7.517608935359021e-08,2.255146895890903e-07,3.006713029662933e-07,1.5139619549660988e-05,4.501394157915349e-07,0.0,7.516567279708397e-08,0.0
Yemen,0.0367231662442976,0.0402508734544515,0.0142264968072306,0.0361528328931817,0.0472234880502249,0.0149309975119338,0.0054920855688032,0.00011912832272772074,0.0854522816219736,0.0
Australia,1.0052160912420334,49.728751899993945,25.67619651799804,15.365236516737705,0.2001347437950749,0.0054483379286393,0.2057154044260421,6.729297520280397e-05,1.9161691062853472,0.0
Cuba,0.0369983634005934,3.20668467448263,0.003181630659457,0.1845216187876144,0.002935420776996,0.3575414847812074,0.7263694611003898,0.0061099133014554,0.2551380154729674,0.0
Antigua & Barbuda,0.00016851710056527074,0.025729321982418,8.555930008924406e-08,0.0,0.0,1.3666526683664415e-06,0.0012078094591665,0.0,6.218646225752486e-05,0.0
St Kitts & Nevis,1.6495113548452152e-05,0.0163980864488283,0.0,6.835285759621001e-07,0.0,7.177095419308444e-06,0.0020718938182242,0.0,3.4550530325565674e-05,0.0
Dominica,1.804122591843626e-05,0.0532881280946746,7.847977897768033e-06,2.1040071793265724e-05,8.631005954384818e-08,4.6756685911475415e-05,0.0104217070988825,0.0,0.0021353330501898,0.0
Trinidad & Tobago,0.0001025196877362793,0.4055877538519412,0.00012759604408709975,0.0001372908283257197,0.0001950143443991692,0.0011316362937183,0.0,0.0,3.16709687808725e-06,0.0
Grenada,2.7953195743124275e-06,0.0296573453157804,2.1216904171666888e-05,2.2729590363370808e-05,6.995990631253335e-07,2.4433205887131703e-05,0.0,0.0,1.748632627140978e-06,0.0
Saint Lucia,3.975692431052436e-05,0.0531724857672311,4.958300321490861e-05,3.299493917574646e-05,1.910262398041596e-06,9.98187647160383e-05,0.0,0.0,2.9529622196378118e-06,0.0
St Vincent & the Grenadines,0.00019389527585644828,0.0290049140241324,5.1663306615635113e-05,2.4443837361638554e-05,4.091778166070981e-06,4.8472201975014336e-05,0.0,0.0,8.710081544904824e-08,0.0
Barbados,5.4593079970678826e-05,0.0091739834652643,2.1733612325424384e-06,8.712042642855523e-08,2.6122044261001065e-07,6.967532968360501e-07,0.0,0.0,8.707972654065088e-08,0.0
Dominican Republic,0.0081725115901235,1.1635659342533566,0.0031559453665687,0.0167023265120976,0.0106298973183073,0.1231595692653089,0.8845172298686088,0.0159390453480532,0.3865091019764787,0.0
Haiti,0.0033656168210537,0.4881427987708721,0.000682389245963187,0.0077474655472974,0.0061084633158415,0.0531081661641316,0.2044018615156853,0.0116207930822325,0.0875372055316288,0.0
Jamaica,0.0055753025780056,0.305198108082624,0.00018683386195306184,0.0213285996455384,0.0006564921129239565,0.0149415208368913,0.3742941618973464,0.0100258059291866,0.1069615935615537,0.0
Cuba,6.374874735310605e-06,0.00022785160572869013,0.0,0.0,1.935754184501093e-06,1.5153515846577648e-06,8.415385366333794e-08,0.0,0.00018214939946807808,0.0
Turkmenistan,0.00020850600504747032,0.0,0.0035154666734131,0.0004275746937468023,0.0035223871544767,0.0013425863320956,0.0033429103724593,0.00013483692526961022,0.0939092915065992,0.0
Kyrgyzstan,0.001214617889213,9.427087438927972e-05,0.0349791140971416,0.0560583294111872,0.1657984588849665,2.0521143679650367,0.0827629890578974,1.6291412633720892,0.0050851135802449,0.0
Kazakhstan,0.0185771972376471,5.009007020717604e-05,0.0384607571907439,2.4849312197547944,0.1708682667680695,5.5694996257019005,0.18585932995084,1.436204374892156,0.1380837171319305,0.0
Tajikistan,0.002896366593909,0.00027906299192181905,0.0208488599583298,0.1104233682693894,0.1549267564182556,0.3428791546740681,0.0093610159888014,0.2711226739414223,0.0085019151523348,0.0
Uzbekistan,0.0006728689959663156,5.990568976977896e-05,0.0090716675801355,0.0106921661009745,0.0958505942747559,0.150492302894539,0.0075337384994741,0.1063711642539902,0.0293171901617188,0.0
Mauritius,0.0098172201952387,0.1735592812674697,0.0,0.0,6.553059770016814e-05,2.2520721667736625e-05,0.0,0.0,0.00015622864473017982,1.7130089409979695e-06
Seychelles,0.0005986199668500902,0.0213678611028707,0.0,0.0,0.0,0.0,0.0,0.0,1.0940777235757696e-05,0.0
Mexico,1.474647077503822,24.13032479365124,2.6401796406991864,29.342559564528905,3.361481874567061,7.2716050687173155,11.83453273503358,0.129953349567527,3.618537995270518,0.0
United States,1.6491433455124394,0.2276859357310223,1.7107541035115073,54.05904786515448,1.76524983631878,56.66640726657996,7.00007338472108,0.2199826720786916,0.4416511539753079,0.0
"Bahamas, The",0.0047358743280646,0.1634027891929814,0.000102968584258067,0.0150278616828068,0.0014131293461121,0.1846454268423556,0.001713672136465,0.000563250309098871,0.0072727194672463,0.0
Canada,3.5705727431557777,0.0013700573967929,4.938826416131423,20.173414375136566,1.8081901549771504,114.99194896601831,19.133548416653564,0.5332687765868712,2.990196919320754,0.0
Canada,0.0,0.0,0.0032323195964019,1.99501970143956e-05,0.0091360543802044,0.0998751906370763,3.4614990696013592e-06,4.90906977290706e-06,0.0006035549326862324,0.0
United States,2.305717619625532,0.0040939309257329,0.977212423411472,48.67025798531383,0.9339831397909912,8.62321309241551,3.5901594691346106,0.1298074877237952,0.4657154645124248,0.0
Canada,0.8138022223082662,0.0067158692552417,1.2180112214160563,26.77233869309484,0.7927704645546008,90.7926483369393,5.413539109868928,0.1539521944193925,0.5847952583698869,0.0
Canada,0.0855052355375471,0.0,0.2299096780396214,5.299395790780872,1.7274111897325517,24.625509970186062,0.1270188526413126,0.0486309754176229,0.2057666910513381,0.0
Canada,0.0,0.0,0.0,0.0,0.0,0.0,0.0,0.0,0.0,0.0
Canada,3.623454735546261e-05,0.0,0.0005751196962077141,0.0013087701902279,0.0367544098273626,0.0941694549737495,0.00011606767017191544,3.017217825274088e-05,0.0004037032913420532,0.0
Canada,0.0777118627467318,0.0,0.5114882277900172,0.7642991341338451,0.4160165930995503,52.93400171837452,3.770221584475876,0.1170548998445877,1.1378897340203311,0.0
Canada,0.2166318541092425,0.0012704575077257,0.8919619799486692,3.21666224809722,0.1507222385351933,47.37406185294264,7.347122785634987,0.2302678892373574,0.9579381704760412,0.0
United States,0.1723137406803972,0.005509988600025,1.2885312706785972,4.1086031572023884,8.501773038432114,39.642814543561066,4.217339594907028,0.169888519610286,0.4076589913404765,0.0
United States,0.24829039694744,0.0001973351871740192,1.4453580851168577,3.0705150536569383,19.829243817334675,11.80483458024024,1.4915174252051635,0.1219592559054066,0.4195675898867291,0.0
Bolivia,0.5628716986131963,43.7722992667582,0.14284628278772,20.50812389823564,0.0446029561028583,0.0464275747709964,0.0039614180886353,0.0,0.8380577613492618,0.0
Chile,0.0732893436346056,11.19382665127856,1.0807911823283438,10.571910231559146,0.0008974713801221858,0.0282015009036022,2.1945789826506137,0.0126267798493509,0.3738046859479718,0.0
Paraguay,0.0931723975784326,10.02450443653442,0.0364398901586917,19.364558645775805,0.0317009797529043,0.0346150313479869,0.0020974059176184,0.0,0.2326737243040394,0.0
Argentina,0.2686320023435101,6.96826487722852,0.8150648679797027,47.37633242491315,0.0373866018326084,0.0227210879000517,0.2168761352099562,0.0035860842267942,0.701985259134562,0.0
Uruguay,0.0111634996490196,1.279749576834767,0.0049513688235158,0.8572434851778342,0.0048146417192306,0.0117918938144318,0.00022787879940722175,0.0,0.0325666713506363,0.0
Ecuador,0.0104748716096458,17.219461722590687,0.0029172422152974,0.197815730126207,0.0,0.0,0.0,0.0,0.0007143052234076097,0.0
Venezuela,0.0018468460411953,49.653588819549945,0.0702479581507283,1.268291789095808,0.0025365529985087,0.0369437371403042,2.028330690961866e-06,3.274436501499167e-06,0.0108895161353781,0.0
Suriname,0.0003095301040577216,13.48243361310265,2.4593503528108735e-05,0.0773764999553923,1.3976880026689288e-05,0.0002417019996272529,0.0,0.0,6.448699558347926e-05,0.0
Guyana,0.0007750880844412779,18.5224303224008,0.000108431830255995,0.3463644870367491,7.870561874578166e-05,0.0044983902642557,9.745587803422495e-07,4.5245561111073584e-06,0.0004598814126251004,0.0
Colombia,0.0352718035999409,77.55100760141825,0.0377716864001232,2.5649921591489377,2.518806786611094e-05,0.0127767219069245,0.0018041911857027,0.0,0.0132248936350606,0.0
Peru,0.0804176374624713,73.01861680973036,0.0252165590366697,0.7830642022700823,0.0053455465290855,0.0061821234348426,0.0334214231554275,0.0,0.3002240157547401,0.0
Brazil,6.227627886766022,404.5707512876386,1.838281808995988,121.06877057014896,1.959534665782052,0.9068131387494552,0.2367379380712176,0.0039334574175811,7.998693029783146,0.0
El Salvador,0.0125504470496071,0.521136060149674,0.0002800244896711072,0.8653517570896518,0.0,0.0003985496614512673,0.0404049256848396,0.0,0.0261901908187475,0.0
Guatemala,0.0644392487003293,5.524140463249871,0.0278753840669611,1.1518297054279003,0.006138987391813,0.1201156117195279,1.0841836017494273,0.0064999743956621,0.4371375088444745,0.0
Panama,0.0013079509536675,5.321410271011898,0.001135732030422,0.7564302353410562,0.0,0.0,0.0,0.0,0.0002596030088169828,0.0
Costa Rica,0.0127794559840419,3.749790044887857,0.00027939639539321026,0.5599156931533871,0.0,8.85695659391672e-05,0.0154113875942559,0.0,0.0224749029221646,0.0
Nicaragua,0.0131711100959094,7.73044384975661,0.0001698815316388772,1.6040843163930951,1.7285574926972913e-07,0.00031088858187367646,0.0399349164436756,0.0,0.0406992097746958,0.0
Honduras,0.1067323743536604,5.309597684659249,0.0051514001594601,1.3804166577404642,0.0037986121656745,0.023450477944612,0.6331191740448543,0.0047452130556236,0.4080698125419802,0.0
Belize,0.0019465560306898,1.6254922397109746,0.00021272603545092052,0.0088420009377093,0.0007005812750447864,0.0041377479760743,0.0036109505190241,0.0004496476416445391,0.0169025230200564,0.0
