state,51 Open evergreen broadleaved - 10-20,51 Open evergreen broadleaved - 20-30,51 Open evergreen broadleaved - 30-40,51 Open evergreen broadleaved - 40-50,51 Open evergreen broadleaved - 50-60,51 Open evergreen broadleaved - 60-70,51 Open evergreen broadleaved - 70-80,51 Open evergreen broadleaved - 80-90,51 Open evergreen broadleaved - 90-100,52 Closed evergreen broadleaved - 10-20,52 Closed evergreen broadleaved - 20-30,52 Closed evergreen broadleaved - 30-40,52 Closed evergreen broadleaved - 40-50,52 Closed evergreen broadleaved - 50-60,52 Closed evergreen broadleaved - 60-70,52 Closed evergreen broadleaved - 70-80,52 Closed evergreen broadleaved - 80-90,52 Closed evergreen broadleaved - 90-100,61 Open deciduous broadleaved - 10-20,61 Open deciduous broadleaved - 20-30,61 Open deciduous broadleaved - 30-40,61 Open deciduous broadleaved - 40-50,61 Open deciduous broadleaved - 50-60,61 Open deciduous broadleaved - 60-70,61 Open deciduous broadleaved - 70-80,61 Open deciduous broadleaved - 80-90,61 Open deciduous broadleaved - 90-100,62 Closed deciduous broadleaved - 10-20,62 Closed deciduous broadleaved - 20-30,62 Closed deciduous broadleaved - 30-40,62 Closed deciduous broadleaved - 40-50,62 Closed deciduous broadleaved - 50-60,62 Closed deciduous broadleaved - 60-70,62 Closed deciduous broadleaved - 70-80,62 Closed deciduous broadleaved - 80-90,62 Closed deciduous broadleaved - 90-100,71 Open evergreen needleleaved - 10-20,71 Open evergreen needleleaved - 20-30,71 Open evergreen needleleaved - 30-40,71 Open evergreen needleleaved - 40-50,71 Open evergreen needleleaved - 50-60,71 Open evergreen needleleaved - 60-70,71 Open evergreen needleleaved - 70-80,71 Open evergreen needleleaved - 80-90,71 Open evergreen needleleaved - 90-100,72 Closed evergreen needleleaved - 10-20,72 Closed evergreen needleleaved - 20-30,72 Closed evergreen needleleaved - 30-40,72 Closed evergreen needleleaved - 40-50,72 Closed evergreen needleleaved - 50-60,72 Closed evergreen needleleaved - 60-70,72 Closed evergreen needleleaved - 70-80,72 Closed evergreen needleleaved - 80-90,72 Closed evergreen needleleaved - 90-100,81 Open deciduous needleleaved - 10-20,81 Open deciduous needleleaved - 20-30,81 Open deciduous needleleaved - 30-40,81 Open deciduous needleleaved - 40-50,81 Open deciduous needleleaved - 50-60,81 Open deciduous needleleaved - 60-70,81 Open deciduous needleleaved - 70-80,81 Open deciduous needleleaved - 80-90,81 Open deciduous needleleaved - 90-100,82 Closed deciduous needleleaved - 10-20,82 Closed deciduous needleleaved - 20-30,82 Closed deciduous needleleaved - 30-40,82 Closed deciduous needleleaved - 40-50,82 Closed deciduous needleleaved - 50-60,82 Closed deciduous needleleaved - 60-70,82 Closed deciduous needleleaved - 70-80,82 Closed deciduous needleleaved - 80-90,82 Closed deciduous needleleaved - 90-100,91 Open mixed forest - 10-20,91 Open mixed forest - 20-30,91 Open mixed forest - 30-40,91 Open mixed forest - 40-50,91 Open mixed forest - 50-60,91 Open mixed forest - 60-70,91 Open mixed forest - 70-80,91 Open mixed forest - 80-90,91 Open mixed forest - 90-100,92 Closed mixed forest - 10-20,92 Closed mixed forest - 20-30,92 Closed mixed forest - 30-40,92 Closed mixed forest - 40-50,92 Closed mixed forest - 50-60,92 Closed mixed forest - 60-70,92 Closed mixed forest - 70-80,92 Closed mixed forest - 80-90,92 Closed mixed forest - 90-100
Rhode Island,8.010000030367337e-06,2.655000010065578e-05,5.850000022178392e-05,0.000123141882819794,0.00033552741303675005,0.00026301564805596275,0.0003951105897332288,9.98138827313534e-05,9.900000037532664e-07,0.0,5.400000020472362e-07,8.100000030708543e-07,1.7100000064829146e-06,3.240000012283417e-06,2.1600000081889448e-06,2.970000011259799e-06,3.6000000136482413e-07,0.0,3.6900000139894473e-06,1.2960000049133669e-05,3.497188248552581e-05,7.307894145352588e-05,0.00021536294199294987,0.0001919890595513941,0.0004069884721312011,0.00024637164799286233,9.828352978437508e-06,0.0001272709416589774,0.000450524119355076,0.0011922900045201,0.0030760500116618,0.009834487449049,0.0224778067910997,0.05409076291095,0.0121767625167525,0.00022198129495921767,2.520000009553769e-06,1.2366705929237329e-05,3.0470823644932085e-05,4.0105058975574834e-05,8.467764737985157e-05,5.434023550013116e-05,4.680000017742714e-05,1.314000004981608e-05,3.6000000136482413e-07,0.0001487424711521445,0.00017122870653151146,0.0004183930604097321,0.0010333881215648,0.0030012031878486,0.0051701255490126,0.0140452744061893,0.0129942339316163,0.0004765704723949988,9.000000034120603e-08,6.300000023884422e-07,2.0700000078477387e-06,4.891764724427904e-06,2.6195294216958084e-05,3.251400012326637e-05,0.00022004929495189317,0.0005183558843181208,5.561011785788669e-05,9.000000034120603e-08,1.8000000068241206e-07,1.3500000051180905e-06,1.7057647123492109e-06,5.850000022178392e-06,4.77000001808392e-06,8.550000032414573e-06,7.560000028661307e-06,2.700000010236181e-07,1.8000000068241206e-06,9.99000003787387e-06,1.8957176542458263e-05,2.48128236234816e-05,6.390000024225628e-05,4.486835311128039e-05,2.934705893478934e-05,5.940000022519598e-06,1.8000000068241206e-07,0.0,0.0,0.0,0.0,0.0,0.0,0.0,0.0,0.0
New Hampshire,0.0006529574142401837,0.0014191708289097,0.0032772557771305,0.0038663636617168,0.0041885901335267,0.0048988616656312,0.0042495473102284,0.0018897744777527,0.00011391952984365391,1.9800000075065327e-06,3.6900000139894473e-06,9.360000035485427e-06,7.830000029684925e-06,5.400000020472362e-06,9.720000036850251e-06,6.300000023884422e-06,2.790000010577387e-06,9.900000037532664e-07,0.00011574000043879096,0.00020390964783188127,0.001269208593047,0.0014319765936641,0.0017466645948572,0.0021132751844823,0.0026762968336757,0.002190286596539,0.00030996741293984754,0.0099121754493435,0.0164657460624245,0.0400680657989639,0.0777402394711976,0.1164220924413768,0.2429582084505095,0.3924086139582792,0.2481998437644992,0.0200209948994325,0.0001266829416567482,0.00024363000092364476,0.0005304388255403999,0.0005256656490517156,0.0003473961189640994,0.0003952605897337974,0.0001983600007520181,9.504000036031356e-05,1.0080000038215076e-05,0.0014858647115155,0.0030301785997232,0.0088084217981001,0.0156765071182559,0.0227142802037609,0.0399906456810234,0.0903851008132542,0.1487864186817228,0.0390499370892217,0.0001387800005261397,0.0003936624720806799,0.0026438389511997,0.0050161267248993,0.0115770261615376,0.0257839126859866,0.0719266223903336,0.1275609597777239,0.0297105212891084,9.360000035485427e-06,1.8540000070288443e-05,7.734811794029932e-05,7.907894147627295e-05,8.095517677750373e-05,9.819035331343358e-05,8.821129445207179e-05,6.246000023679699e-05,9.27000003514422e-06,5.4540000206770856e-05,0.00011050941218366676,0.000299484354076575,0.0003414081189413978,0.0002556201186161602,0.000280921412829729,0.00017297753006755332,9.198000034871257e-05,6.660000025249246e-06,0.0,0.0,0.0,0.0,0.0,0.0,0.0,0.0,0.0
Vermont,0.0003146918835459941,0.0009512982389006587,0.0017368334183493,0.0026492438923966,0.0023657265972041,0.0028739456579544,0.0024770834211557,0.0016030803590187,7.254000027501206e-05,8.100000030708543e-07,2.700000010236181e-06,3.870000014671859e-06,7.1100000269552766e-06,4.3200000163778896e-06,5.940000022519598e-06,3.870000014671859e-06,2.340000008871357e-06,2.700000010236181e-07,4.8690000184592463e-05,0.00012933000049031307,0.0003761714131908387,0.0006571683554326187,0.0008950849445698971,0.0012725537695303,0.0021848929494597,0.0027993201282597,0.00026172000099222714,0.0063727697888661,0.0120585536927749,0.0343822406009374,0.0853850276178275,0.1487688312698914,0.3026945429122748,0.4809054064114333,0.3092306143488189,0.009210764858449,5.769000021871307e-05,0.00018792247130068287,0.0002554994127333497,0.00040407458976721286,0.0002265596479177515,0.00022725776556745703,0.00013005000049304272,6.588000024976282e-05,4.050000015354272e-06,0.00029344870699486925,0.0019421763603043,0.0039096148383514,0.0083435456786906,0.0113790603960812,0.0187253305415792,0.0396887041504669,0.057708035512899,0.0059468364931337,6.57000002490804e-05,0.0004160205898125023,0.0015718288294884,0.0040849620154868,0.0087451856802133,0.0215586551405562,0.0665078458992019,0.1183308632721427,0.0131879389911742,3.780000014330653e-06,1.3320000050498493e-05,3.4722000131637286e-05,4.419000016753216e-05,4.7970000181862815e-05,6.516000024703317e-05,6.903000026170503e-05,6.930000026272864e-05,9.360000035485427e-06,1.539000005834623e-05,5.030823548484513e-05,8.336788266900367e-05,0.0001138485886669144,7.73760002933462e-05,8.268388266641051e-05,5.607070609492698e-05,3.609000013682362e-05,3.240000012283417e-06,0.0,0.0,0.0,0.0,0.0,0.0,0.0,0.0,0.0
Connecticut,4.239000016070804e-05,0.0002707725892618412,0.000722496002739111,0.0007534143557975045,0.0014928187115418,0.0011237297689661,0.0008505342385186444,0.00029552894229687343,2.8980000109868342e-05,1.8000000068241206e-07,2.0700000078477387e-06,4.410000016719096e-06,3.5100000133070357e-06,7.650000029002513e-06,5.040000019107538e-06,2.700000010236181e-06,1.9800000075065327e-06,9.000000034120603e-08,8.010000030367337e-06,4.03200001528603e-05,0.00011313000042889598,0.00014280811818846983,0.00030555705998195064,0.0002448924715166663,0.000268550471606358,0.0001903722360158527,2.4230470680097325e-05,0.0009630427095334192,0.0043340763693724,0.0108531840411463,0.0195082641916063,0.057804799630913,0.1130800345463536,0.3066123646918338,0.1355265968667466,0.0114062633373608,1.0260000038897488e-05,9.38703532970557e-05,0.00023011482440181804,0.0001797522359755904,0.0002893962363912703,0.0001839180006972659,8.85585885710355e-05,3.168000012010452e-05,1.9800000075065327e-06,0.0003779707073153072,0.0007718198852790479,0.0014230609465715,0.0025553184802759,0.0050847367251594,0.0070680367326785,0.0117118479267546,0.0145407660551266,0.0023819117737361,2.934352952301125e-06,1.9664823603964613e-05,2.5560000096902517e-05,4.586752958565668e-05,0.00016075905943299564,0.0003649037660892976,0.0020132862429268,0.0067775986139303,0.0029520540111917,6.300000023884422e-07,2.880000010918593e-06,7.470000028320101e-06,7.560000028661307e-06,1.3950000052886937e-05,1.2510000047427638e-05,9.900000037532664e-06,7.380000027978895e-06,2.430000009212563e-06,7.1100000269552766e-06,3.6630000138870855e-05,7.787470617758981e-05,6.953964732246072e-05,0.00014363717701514235,7.488000028388342e-05,3.699000014023568e-05,9.810000037191458e-06,9.900000037532664e-07,0.0,0.0,0.0,0.0,0.0,0.0,0.0,0.0,0.0
Maine,0.0025331689507801,0.004013454721098,0.0217134293764371,0.0248277858588324,0.0357460928414021,0.0494211880697174,0.063700454712088,0.0358377290770436,0.0011155500042292,1.4400000054592963e-06,2.610000009894975e-06,1.1070000041968342e-05,5.490000020813568e-06,7.830000029684925e-06,6.7500000255904524e-06,4.500000017060302e-06,1.5300000058005023e-06,3.6000000136482413e-07,0.0013320765932854,0.0019113391837168,0.0113987711020383,0.0163053159441693,0.0281512928126089,0.0396330093267263,0.0644528868325876,0.0805919244231854,0.0178689353618619,0.0266265046891811,0.0803382998339885,0.2436614938649406,0.3806078107370696,0.5871737475201978,0.8276132830199824,0.7733399365789283,0.259777801337805,0.0072010080273003,9.945000037703268e-05,0.00022005000083424875,0.000936899650610777,0.0005522212962112163,0.0006069631787716937,0.0003991718838662729,0.0002614662362853827,0.00013896000052682211,2.1870000082913062e-05,0.0087057385035932,0.0334686622445327,0.0850560606754038,0.1536131518764924,0.2722682530322174,0.3753682284819115,0.5782186606627181,0.636655988060735,0.1298894475512576,0.0015484500058704,0.0013525104757158,0.0173069637126726,0.0220690366719029,0.0488250351262808,0.0882105056285393,0.1843059663457956,0.2230373228455742,0.0351808843686711,2.133000008086583e-05,5.6610000214618594e-05,0.00042686470750067306,0.0002703472951425818,0.00042342317807586094,0.0003507737660357282,0.00029716200112659406,0.0002951100011188146,9.477000035928997e-05,0.0004089600015504402,0.0007459521204750962,0.0042940270751029,0.0032342929534382,0.0041598180157706,0.0038381869557277,0.0019842451839932,0.0013498210639409,0.0001907100007230156,0.0,0.0,0.0,0.0,0.0,0.0,0.0,0.0,0.0
Massachusetts,0.00015762176530345455,0.0003254100012336873,0.000868954238588478,0.0013600136522148,0.0014838660056256,0.0014597876525931,0.0015134791822084,0.0005853642375133378,0.0001002801180272386,1.1700000044356784e-06,4.1400000156954775e-06,7.200000027296483e-06,9.99000003787387e-06,9.09000003446181e-06,9.000000034120603e-06,6.9300000262728645e-06,2.790000010577387e-06,1.8000000068241206e-07,5.094000019312261e-05,0.00013797000052306885,0.0005248817666958026,0.0008246911795971394,0.0008456463561471723,0.0008332196502177076,0.0010546524745866,0.0007139604732949866,8.978082386978686e-05,0.0032057760121536,0.0059434694342974,0.0156473714710866,0.0373981363770771,0.0612418936439436,0.1592398933095891,0.321959594985312,0.1789096079723958,0.0227890133805148,4.4047058990519657e-05,0.00010922294159055422,0.00027345811868378727,0.0003942116485533501,0.00028366411872248,0.0002452154126943612,0.00019377105955815,6.300000023884422e-05,8.910000033779397e-06,0.0014436758878261,0.0025274887154645,0.0065719164955035,0.0148492673504138,0.022354809967104,0.0398947554453657,0.0734478758078657,0.0896533281045976,0.01270551040111,2.0915647138118475e-05,4.747482370939728e-05,0.00016173000061314724,0.0004286604722133635,0.0009331440035377152,0.0025168373036594,0.0114700549846614,0.0424521047491787,0.0137818376993082,2.520000009553769e-06,6.210000023543216e-06,1.5930000060393468e-05,2.9254235405025664e-05,2.9610000112256785e-05,3.312000012556382e-05,4.32900001641201e-05,3.474000013170553e-05,7.290000027637689e-06,2.403000009110201e-05,5.175000019619347e-05,0.00013239635344311463,0.0001928368242604905,0.00015077329468925546,0.00013142258873354056,9.490835330099094e-05,3.465000013136432e-05,3.420000012965829e-06,0.0,0.0,0.0,0.0,0.0,0.0,0.0,0.0,0.0
New Jersey,9.387000035587788e-05,0.0005725552962883062,0.0009041604740160688,0.001512990005736,0.0015663624765265,0.0016132305943513,0.000767896238205349,0.00013104000049679598,1.8900000071653269e-06,9.900000037532664e-07,6.030000022860804e-06,1.2420000047086432e-05,1.8540000070288443e-05,1.2600000047768845e-05,1.0800000040944724e-05,6.300000023884422e-06,1.3500000051180905e-06,0.0,4.203000015934322e-05,0.000477450001810098,0.0010441800039586,0.0012230100046366,0.0012095100045854,0.0011781000044663,0.0010511682392792,0.0003907800014815166,8.100000030708543e-07,0.0006758036496209155,0.0067506420255928,0.0128609594605228,0.0390871120305391,0.058485843751142,0.0964039291890138,0.1434533596026807,0.1025824962712614,0.0082946597961524,3.195000012112814e-05,0.0002510100009516236,0.00032274000122356483,0.0003733200014153226,0.00030969000117409,0.00026190000099290955,0.00011466000043469649,1.818000006892362e-05,9.000000034120603e-08,0.000441180001672592,0.0058461370809872,0.0185989511293354,0.0402613176820495,0.0572222013934101,0.0555589622106339,0.0367691073158688,0.008874847798352,2.4840000094172865e-05,1.7100000064829146e-06,1.1070000041968342e-05,1.584000006005226e-05,2.7720000105091455e-05,4.922894136310628e-05,0.00014715000055787186,0.00047502000180088544,0.0002608200009888151,3.240000012283417e-06,1.0800000040944724e-06,6.210000023543216e-06,9.180000034803015e-06,1.4670000055616583e-05,1.7550000066535176e-05,2.0070000076088945e-05,1.6650000063123116e-05,5.400000020472362e-06,0.0,1.7280000065511558e-05,0.00012744000048314774,0.0001685700006390789,0.00021996000083390757,0.00016668000063191357,0.0001327500005032789,4.92300001866397e-05,7.560000028661307e-06,0.0,0.0,0.0,0.0,0.0,0.0,0.0,0.0,0.0,0.0
Pennsylvania,0.0013058329461271,0.0021954776553822,0.0063490507299527,0.0143942471133946,0.0197964992515226,0.0213188813749413,0.0152767867637993,0.0047875881357976,0.00014843576526862878,5.580000021154774e-06,7.740000029343719e-06,1.908000007233568e-05,4.401000016684975e-05,7.245000027467086e-05,0.00011142000042241308,9.153000034700652e-05,2.3940000090760805e-05,3.6000000136482413e-07,0.00010548000039989348,0.0001881000007131206,0.0004935596489299961,0.0013090058873156,0.0024718570681947,0.0041464768392494,0.0045675289584927,0.0019441877720766,7.236000027432965e-05,0.0162492353557213,0.0300005785843257,0.0870719226830463,0.2291605011040824,0.4741176042680525,1.1266988880362223,2.436379679001456,1.801863046713537,0.0528832922004899,0.0002649522362985988,0.0005130155313566979,0.0011953157692375,0.0030153582467258,0.0040780669566371,0.0038007540144093,0.0019793636545629,0.0004325400016398362,8.190000031049749e-06,0.0006223380023593942,0.001143450004335,0.0028929420109676,0.008492818620433,0.0164390435917351,0.0320973837687457,0.0570384132750663,0.0306639639986054,0.0030312582467861,0.0002954784717084468,0.0005697049433363235,0.0016767871828275,0.0053485408438066,0.0142456126422429,0.0368252648454934,0.0919210510543714,0.081118020660474,0.0129992509904589,1.179000004469799e-05,2.1600000081889448e-05,5.445000020642965e-05,0.0001397068240590652,0.00024138000091511455,0.0003686400013975799,0.0003470495307274913,8.139247089680864e-05,7.830000029684925e-06,0.00019232294190560116,0.0002986200011321216,0.0006363031788829269,0.0012777720048442,0.0018241002422096,0.0019052604778114,0.0011313900042893,0.00026640000100996986,8.010000030367337e-06,0.0,0.0,0.0,0.0,0.0,0.0,0.0,0.0,0.0
New York,0.0022011176554036,0.0037558584848273,0.0087322973272233,0.012250492634679,0.0111246131009989,0.0103684595687204,0.0073981782633419,0.0036622697785901,0.00029976388348939946,1.1160000042309548e-05,2.4390000092466835e-05,3.186000012078693e-05,5.328000020199397e-05,3.555000013477638e-05,2.8170000106797488e-05,1.9440000073700503e-05,1.04400000395799e-05,1.1700000044356784e-06,0.0002627100009959804,0.0007589163558183636,0.0015249391822519,0.0025305116566524,0.0026274840099612,0.0033466627185701,0.0043932586048909,0.0048294031947797,0.0005960700022598076,0.0327309890652654,0.0629185371797118,0.1743669038375266,0.3590834445378199,0.5922595511865377,1.176075347164594,2.045294760342312,1.4327842437848817,0.1067487547576447,0.0007146074144739099,0.0017866983597148,0.00273795601038,0.0033890820128486,0.0021471300081401,0.0017536037713541,0.0010140158861972,0.000411480001559994,2.8710000108844724e-05,0.0024978836565287,0.0090295948577622,0.0206497451371103,0.0363939710791525,0.0557012285641144,0.0919069919954946,0.1749696221927527,0.2657836418311625,0.0494021955990572,0.000750860826376059,0.0012309123576077,0.0040578278977368,0.009565288624499,0.0199941604287426,0.0489168450089818,0.1421739001860653,0.2872178280300703,0.0682690753176437,2.529000009587889e-05,4.707000017845076e-05,9.69300003674789e-05,0.00016919188299437774,0.0001728900006554568,0.0001822634124556989,0.0002060100007810206,0.00017262705947798933,5.0220000190392966e-05,0.0003629770601996401,0.0010957729453307,0.00157767565304,0.0023358610676791,0.0015347943587598,0.0012782287107283,0.0008535490620594859,0.00040711800154345686,4.860000018425126e-05,0.0,0.0,0.0,0.0,0.0,0.0,0.0,0.0,0.0
Illinois,6.300000023884422e-07,9.000000034120603e-06,0.0002132100008083171,0.0016395836532747,0.0098280427431422,0.0202891634886845,0.0236740250309289,0.0011634300044107,7.92000003002613e-06,0.0,0.0,1.8000000068241206e-07,2.880000010918593e-06,1.4850000056298995e-05,3.510000013307035e-05,1.7280000065511558e-05,2.700000010236181e-07,0.0,0.0,1.3500000051180905e-06,1.9170000072676885e-05,7.893000029923769e-05,0.0003802948249711772,0.0010589400040146,0.0035172000133343,0.0001237500004691583,3.6000000136482413e-07,4.050000015354272e-06,6.462000024498593e-05,0.0016638123592489,0.0159071601779539,0.1118721074829506,0.3426045443576983,1.15763505121233,0.054857775031505,0.0002442600009260332,9.000000034120603e-08,2.610000009894975e-06,2.1240000080524624e-05,0.0002104200007977397,0.000823530003122149,0.0010325287097968,0.00044588082521982537,2.790000010577387e-06,0.0,9.900000037532664e-07,5.310000020131156e-06,7.074000026818794e-05,0.0004080070603703569,0.0020353065959515,0.0046533931941124,0.0161152712375664,0.0004983300018892578,5.400000020472362e-07,0.0,8.100000030708543e-07,2.2320000084619096e-05,0.0001370745887549683,0.000919341532897152,0.0033506474244676,0.0166952460632946,0.0015142274175054,9.000000034120603e-07,0.0,7.309411792417165e-07,1.5750000059711056e-05,5.643988256691482e-05,0.00023431835382951908,0.000555479296223568,0.0006065100022993875,1.1160000042309548e-05,9.000000034120603e-08,0.0,3.150000011942211e-06,2.2950000087007535e-05,0.0001982700007516769,0.0007570905911055594,0.0008497263561626405,0.00027513000104306684,1.7100000064829146e-06,0.0,0.0,0.0,0.0,0.0,0.0,0.0,0.0,0.0,0.0
Wisconsin,0.0002382300009031724,0.0020361600077194,0.0142178284068434,0.0412493387446188,0.0649849138934282,0.0818086023101509,0.0387856363823373,0.0023092263616958,3.6000000136482413e-07,7.200000027296483e-07,5.22000001978995e-06,3.330000012624623e-05,0.00011205000042480152,0.00015462000058619196,0.00013104000049679598,6.156000023338493e-05,2.340000008871357e-06,0.0,9.551647095035524e-05,0.0008917238857336252,0.0050817402545599,0.0166542042984331,0.0394026170905588,0.0489071744207099,0.0141447014653897,7.407000028081256e-05,0.0,0.0032105700121718,0.0196112527802321,0.1309477307317403,0.4731462039114286,0.8827768882879409,1.6646354992521066,1.7866360959499266,0.2611974952255403,2.970000011259799e-06,3.195000012112814e-05,0.00024705000093661056,0.0010573200040084,0.0017210700065248,0.0014175000053739,0.0008869012974800478,0.0003358800012733809,2.2410000084960305e-05,9.000000034120603e-08,0.0004457011781603208,0.0038672269558378,0.019777710427922,0.0627180669436577,0.1335875472123365,0.1550105681170844,0.0361431530782016,0.0002365464714850251,2.700000010236181e-07,5.553000021052412e-05,0.0004757400018036151,0.0035465541310926,0.0172692258301765,0.0772059151162307,0.1739238116005526,0.0669013640183408,0.0010712138864141,9.000000034120603e-08,2.8170000106797488e-05,0.00024765353035066336,0.0016163089473041,0.0050437701367688,0.0083423845022157,0.0070251317913394,0.0019657817721585,2.6190000099290955e-05,9.000000034120603e-08,0.00010881000041251808,0.0007350434145513864,0.0025596723626453,0.0033749100127948,0.0025855884803906,0.0012690900048113,0.00031824000120650453,1.7280000065511558e-05,0.0,0.0,0.0,0.0,0.0,0.0,0.0,0.0,0.0,0.0
Ohio,0.0004221900016005975,0.0015759028295039,0.0068350606141482,0.0139384856999021,0.021387214669318,0.0246743859758979,0.0154143385290267,0.0019163816543241,4.599000017435628e-05,9.000000034120603e-08,3.6000000136482413e-07,5.400000020472362e-07,9.900000037532664e-07,1.0800000040944724e-06,8.100000030708543e-07,4.500000017060302e-07,0.0,0.0,3.780000014330653e-05,0.00010917000041388292,0.0004890600018541136,0.000989814709634917,0.001722205771235,0.002297634714593,0.0015890601236714,0.00039987706033953456,3.0960000117374875e-05,0.0021196729492125,0.0078360737944138,0.0462922311166785,0.1165159659711445,0.2832685394268626,0.6459407996253473,1.304542032710457,0.4546713521943283,0.0012386714164607,4.878000018493367e-05,0.00020646000078272664,0.0005848200022171568,0.0009472500035911936,0.0013844025934838,0.0011679822397221,0.0004475251781672359,5.058000019175779e-05,3.6900000139894473e-06,4.698000017810955e-05,0.00014715000055787186,0.0008813657680472969,0.0029789703642349,0.0068008380257831,0.0113788422784333,0.0102428841564796,0.0028537245990542,0.00017676000067012865,4.887000018527488e-05,0.00013059000049508995,0.0008232674148858592,0.0027869322458598,0.0086916702682457,0.0273096770447123,0.0500674618368734,0.0180989365392045,0.0003698100014020156,3.6000000136482413e-06,9.900000037532664e-06,5.283000020028794e-05,0.0001281600004858774,0.00024822000094104624,0.0003364115306871608,0.00026522153041726675,5.496282373778562e-05,3.150000011942211e-06,6.030000022860804e-05,0.00023355000088542963,0.0007328700027784407,0.0009749887095787088,0.0015861081236602,0.0015551865941312,0.0005733900021738236,5.211000019755829e-05,6.57000002490804e-06,0.0,0.0,0.0,0.0,0.0,0.0,0.0,0.0,0.0
Michigan,0.000463050001755505,0.0030794400116747,0.0191849591315571,0.0427783314562979,0.068827527437408,0.0879417126863438,0.0696917346171549,0.0088715619159866,0.0013812836522955,9.000000034120603e-08,1.9800000075065327e-06,1.1250000042650754e-05,3.4380000130340704e-05,5.688000021564221e-05,4.428000016787337e-05,1.836000006960603e-05,2.250000008530151e-06,1.8900000071653269e-06,0.0002642135304134453,0.0023949861267268,0.0096267790953203,0.0300640924669195,0.0533416879669337,0.0718791630960361,0.0239383335025191,0.00024129000091477337,0.00017436035360220763,0.0033558300127225,0.0242188395035826,0.1450547709028696,0.3848969816945072,0.7732692428139545,1.35656585526063,1.8893084778685876,0.6083751866593998,0.028359413048692,0.00018684000070834367,0.0009679500036696708,0.0027550800104449,0.0037501200142173,0.0032871077771678,0.0016575300062839,0.0004959000018800452,0.00010404000039443416,0.0001460700005537774,0.0011673688279551,0.0109357020414591,0.0473410544147724,0.1285639120168204,0.2636080206464438,0.3065753291622816,0.070064129206802,0.0008055635324657996,0.0002791800010584211,7.065000026784674e-05,0.0004253400016125397,0.0030870783646448,0.0146221666436705,0.0620811256471253,0.1983531120461096,0.1667756589852174,0.0048844454302825,0.0006231465905977538,9.711000036816132e-05,0.0007947900030131905,0.0041102107214648,0.0125637106358665,0.0207511049022005,0.0181598580688472,0.0035090082485973,6.201000023509096e-05,3.330000012624623e-05,0.0009511200036058652,0.0056784462568221,0.0160938166492498,0.0198225900751509,0.014482151349022,0.0076750426173327,0.0025092900095131,0.00022320000084619096,0.0002862000010850352,0.0,0.0,0.0,0.0,0.0,0.0,0.0,0.0,0.0
Indiana,1.2600000047768845e-06,7.200000027296483e-06,0.0004985837665961023,0.0021475860081418,0.0116481198088659,0.022447971614516,0.0303487409385868,0.00310800812943,4.152635309861027e-05,0.0,0.0,2.880000010918593e-06,9.180000034803015e-06,2.151000008154824e-05,3.2760000124199e-05,1.9890000075406533e-05,2.700000010236181e-07,2.700000010236181e-07,4.500000017060302e-07,1.7100000064829146e-06,4.0230000152519096e-05,0.00014643564761398717,0.0005681640021540109,0.0012672575342161,0.0035701337782408,0.00027819000105466785,7.889647088734587e-06,5.130000019448744e-06,3.114000011805729e-05,0.0029763833054016,0.014918635821265,0.0931795443532602,0.2853817697878155,1.0519693952823208,0.3376285357505981,0.002145881302253,3.6000000136482413e-07,1.8000000068241206e-06,5.598000021223015e-05,0.00023517000089157136,0.0009313432976485354,0.0010619100040258,0.0006813900025832709,2.5740000097584925e-05,2.610000009894975e-06,1.0800000040944724e-06,3.060000011601005e-06,8.81100003340407e-05,0.00043817294283766224,0.0022245437731395,0.0050544381368093,0.0123628888703993,0.0007909200029985186,7.830000029684925e-06,4.500000017060302e-07,9.000000034120603e-07,4.1928706041312135e-05,0.000164250000622701,0.0010837803570499,0.0067926473198697,0.0225860273797453,0.002860582246139,1.3152705932217191e-05,9.000000034120603e-08,7.200000027296483e-07,1.584000006005226e-05,6.534000024771558e-05,0.0002313000008768995,0.0005066950607445006,0.0008633700032731895,4.581000017367387e-05,1.2600000047768845e-06,3.6000000136482413e-07,1.7100000064829146e-06,4.680000017742714e-05,0.0001908000007233568,0.0008469532973285978,0.0009732007095719302,0.0005119200019407799,1.7550000066535176e-05,2.610000009894975e-06,0.0,0.0,0.0,0.0,0.0,0.0,0.0,0.0,0.0
Minnesota,0.0009865800037403003,0.0037437056612518,0.0246336505639787,0.0692094214388558,0.0989657908457851,0.0912262538752667,0.0181335985393359,0.00034713000131603167,0.0,1.8000000068241206e-06,1.0620000040262312e-05,5.949000022553719e-05,0.00013320000050498493,8.973000034018241e-05,4.680000017742714e-05,1.0710000040603518e-05,1.8000000068241206e-07,0.0,0.000256410000972096,0.0012342600046792,0.0073761141456112,0.022552383967853,0.0586839528107166,0.0568285219801529,0.0081976966193142,1.7280000065511558e-05,0.0,0.0075530477933408,0.0296277844652653,0.16952404087799,0.6551421437778784,1.1126608030418244,1.6662589061994375,0.7614774297104259,0.0289030049331058,0.0,7.920000030026131e-05,0.0003417300012955593,0.0013781700052248,0.0025087521271581,0.0025101113036339,0.0015847778883611,0.00039780000150813066,1.7820000067558794e-05,0.0,0.0012727800048253,0.0043779840165977,0.0287046212852949,0.090918593285865,0.2459198882264437,0.1809061259799649,0.0209727071383348,5.310000020131156e-05,0.0,0.000280890001064904,0.0012744900048318,0.008800995915719,0.0433311061642759,0.1937943833229443,0.2927945305218009,0.050603992780084,0.00014049000053262262,0.0,6.489000024600955e-05,0.00024264353033166957,0.0016014261237183,0.004821223782984,0.0090583750931654,0.0057228600216963,0.0007901100029954478,5.580000021154774e-06,0.0,4.0230000152519096e-05,0.00017559000066569297,0.0007919100030022719,0.0013887000052648,0.0010173600038569,0.0003987000015115427,0.00010503000039818744,2.610000009894975e-06,0.0,0.0,0.0,0.0,0.0,0.0,0.0,0.0,0.0,0.0
Nebraska,0.00028802188344488345,0.000525847413758287,0.001167952239722,0.0026714477748338,0.0016166435355407,0.0021730104788265,0.0008149789442662009,2.700000010236181e-07,0.0,6.210000023543216e-06,6.12000002320201e-06,1.314000004981608e-05,2.025000007677136e-05,1.611000006107588e-05,8.100000030708543e-06,1.0800000040944724e-06,0.0,0.0,0.0002407500009127261,0.0010823400041033,0.0029094300110301,0.0035554609546558,0.0010286322391938,0.0008672407091702168,0.00016605000062952513,0.0,0.0,0.0057269407275942,0.0089140330926182,0.0207876184317507,0.0470034432370219,0.0335345574212531,0.0534644751438698,0.0400600039165804,7.470000028320101e-06,0.0,0.0013551176521963,0.0058021623749382,0.0110410426300938,0.0027993314223774,0.0004948637665819991,0.00030240000114645227,3.987000015115427e-05,9.000000034120603e-08,0.0,0.0026733533042528,0.0113619363960163,0.0397790842684566,0.0498099972476621,0.012995549343386,0.0036494417785415,0.0004838400018343236,2.700000010236181e-07,0.0,2.277000008632513e-05,0.00010476000039716382,0.0003740400014180522,0.0009010348269453952,0.0003313800012563206,0.0003515400013327508,0.0002261700008574508,0.0,0.0,5.085000019278141e-05,0.0002718000010304422,0.0008155348266212496,0.0019836561251674,0.0004605183546870836,0.0008809309445162367,0.0004973400018855045,9.000000034120603e-08,0.0,3.996000015149548e-05,4.653000017640352e-05,4.167000015797839e-05,0.0001012500003838568,4.518000017128543e-05,5.040000019107538e-05,9.99000003787387e-06,0.0,0.0,0.0,0.0,0.0,0.0,0.0,0.0,0.0,0.0,0.0
North Dakota,0.0005958900022591251,0.000730560002769683,0.0007983677677326367,0.0006476145906905164,0.0005935951787210133,0.0005238208255153098,0.0002567329421497909,2.970000011259799e-06,0.0,0.0,9.000000034120603e-08,0.0,0.0,5.400000020472362e-07,8.100000030708543e-07,5.400000020472362e-07,0.0,0.0,0.0012636765930261,0.000885558356298486,0.0005087700019288377,0.0002678407068977848,0.00010087129450006812,0.00011259352983862684,4.17600001583196e-05,0.0,0.0,0.0286872343440525,0.0319911572977547,0.038463474498763,0.0337542742456155,0.02873810375601,0.0229918031459895,0.0100210246262267,0.0005876862375221409,0.0,0.003327531542027,0.0017031600064569,0.000796770003020697,0.00025271753036986187,7.425000028149498e-05,9.378000035553669e-05,3.402000012897588e-05,4.500000017060302e-07,0.0,0.0115850619262739,0.0101611027444049,0.0075831963816904,0.0046181813116259,0.00014617447114240875,0.0004280781192699792,7.290000027637689e-05,1.8000000068241206e-07,0.0,1.1250000042650754e-05,9.53100003613372e-05,0.00017514000066398694,0.00021960000083254272,0.00016099553002212744,0.0002024018831202828,0.00013534729463077276,2.700000010236181e-07,0.0,5.6790000215301006e-05,4.7970000181862815e-05,3.816000014467136e-05,2.7382588339106383e-05,1.463152946723544e-05,9.912705919933774e-06,3.060000011601005e-06,1.8000000068241206e-07,0.0,0.0005974200022649256,0.0002348131773608068,5.3133529613203385e-05,1.584000006005226e-05,2.316352949958177e-05,3.8700000146718594e-05,3.519000013341156e-05,0.0,0.0,0.0,0.0,0.0,0.0,0.0,0.0,0.0,0.0,0.0
Missouri,2.610000009894975e-06,1.2870000048792464e-05,0.00011394000043196684,0.0016201570649658,0.0092926108587593,0.0151145707631843,0.0152321414695124,0.0006608700025054759,0.0,0.0,0.0,0.0,9.000000034120603e-08,4.500000017060302e-07,9.900000037532664e-07,1.8000000068241206e-07,0.0,0.0,1.2870000048792464e-05,7.0391294384513e-05,7.776000029480201e-05,0.00032793741300797503,0.0014690022408633,0.0034542338954485,0.0031397901295505,3.8700000146718594e-05,0.0,6.813000025829297e-05,0.0003958200015006241,0.004595809076247,0.0569489998629626,0.4131793762723189,1.1890944186257155,3.829221624752556,0.1333681529762106,0.0,6.300000023884422e-07,5.040000019107538e-06,1.431000005425176e-05,9.360000035485427e-05,0.00033533929538897807,0.0003824100014497844,0.0001894500007182387,3.330000012624623e-06,0.0,7.6747412055669e-05,0.0003405035307026742,0.0007746300029367603,0.0037922453084947,0.0206088561957789,0.0497824526593223,0.0603116158757109,8.919000033813518e-05,0.0,2.043000007745377e-05,3.2580000123516584e-05,0.00026964000102225327,0.0013676174169495,0.0157060490007209,0.0991912041407574,0.3377537515157787,0.0062109910823705,0.0,1.3500000051180905e-06,8.268705913701079e-06,1.431000005425176e-05,0.0001201683533967561,0.0007702051793905732,0.0018705303600326,0.0014258142406996,1.521000005766382e-05,0.0,2.700000010236181e-07,1.1700000044356784e-06,1.1610000044015578e-05,7.740000029343719e-05,0.0003487503542633512,0.0004028400015272382,0.00015102000057254372,1.8900000071653269e-06,0.0,0.0,0.0,0.0,0.0,0.0,0.0,0.0,0.0,0.0
Kansas,0.00018998964777910813,0.00020205000076600757,0.0014930431821309,0.0029437528346897,0.0034232513070958,0.00336167860098,0.0038918234265193,1.6380000062099498e-05,0.0,0.0,0.0,9.000000034120603e-08,9.000000034120603e-08,0.0,0.0,9.000000034120603e-08,0.0,0.0,6.86700002603402e-05,0.00011782129456432856,0.0010497600039798,0.0009060635328468128,0.000895747062219466,0.0006755735319729843,0.00023129400087687675,1.8000000068241206e-07,0.0,0.0024520016563547,0.003092313188194,0.0348785662498779,0.0954100125970104,0.1486317785634895,0.1539541389366087,0.2137040277513665,0.0001337615299188785,0.0,0.000515422590189353,0.00045450000172309046,0.0003723988249412421,0.0003460658836649386,0.00018751517718149167,0.0001683900006383965,6.822000025863417e-05,9.000000034120603e-08,0.0,0.0002980800011300744,0.0004077787074283146,0.0039600430738367,0.0053201223731107,0.0082883262667166,0.0088153426216558,0.002736322245668,2.520000009553769e-06,0.0,2.313000008768995e-05,3.2130000121810554e-05,0.0005843361198623812,0.0018045607127237,0.0052738411964646,0.0101389249796149,0.0074182754398887,2.970000011259799e-06,0.0,2.223000008427789e-05,3.420000012965829e-05,0.00029706741289094136,0.00030189353055629683,0.000283173530485326,0.0004055230603609395,0.000167986941813339,9.000000034120603e-08,0.0,4.167000015797839e-05,7.740000029343719e-05,0.0001303200004940663,7.61400002886603e-05,4.832964724204983e-05,4.707000017845076e-05,2.403000009110201e-05,9.000000034120603e-08,0.0,0.0,0.0,0.0,0.0,0.0,0.0,0.0,0.0,0.0
South Dakota,0.0011019172982952,0.0018833361247871,0.001554761300012,0.001023670239175,0.00017586811831380618,0.00016887353005199434,5.578729432914663e-05,1.2600000047768845e-06,0.0,4.3200000163778896e-06,2.790000010577387e-06,1.9800000075065327e-06,3.240000012283417e-06,4.500000017060302e-07,2.700000010236181e-07,0.0,0.0,0.0,0.001682040359318,0.0028403160107681,0.0031930718944584,0.0027820136576059,0.0006494484730504101,0.00010125988273683542,9.196588270160022e-06,1.3500000051180905e-06,0.0,0.0286396550497545,0.0461326872337207,0.0428553149860015,0.0278850583410113,0.0075672141463357,0.0051271782547321,0.0021584798905361,9.072000034393568e-05,0.0,0.0112999779251931,0.0092835321528425,0.0113234848664587,0.0052011977844245,0.0005182200019646643,0.00012555000047598242,1.1700000044356784e-06,1.8000000068241206e-07,0.0,0.0302826774089246,0.0525393471403624,0.0873929795077929,0.1198581576308742,0.0494533088933686,0.0018885758895128,9.828247096084163e-05,3.6000000136482413e-07,0.0,0.0013217887108934,0.0015616771823911,0.0039311474266683,0.0064185388478632,0.0022029398907046,7.677000029104875e-05,2.3940000090760805e-05,1.2600000047768845e-06,0.0,0.00010215000038726885,0.0003117300011818239,0.0006395848259541918,0.0006675300025307251,0.00015349835352311607,4.083705897834998e-05,1.9982823605170208e-05,9.000000034120603e-08,0.0,0.00013518000051249146,3.177000012044573e-05,1.836000006960603e-05,1.1430000043333166e-05,2.790000010577387e-06,4.500000017060302e-07,4.500000017060302e-07,0.0,0.0,0.0,0.0,0.0,0.0,0.0,0.0,0.0,0.0,0.0
Iowa,7.200000027296483e-07,1.0800000040944724e-06,1.0350000039238694e-05,0.00011411682396204896,0.0007938208265389279,0.0016410243591625,0.0010461116510248,8.100000030708543e-07,0.0,0.0,9.000000034120603e-08,2.700000010236181e-07,7.200000027296483e-07,2.340000008871357e-06,1.1700000044356784e-06,1.8000000068241206e-07,0.0,0.0,9.000000034120603e-08,3.6000000136482413e-07,1.0260000038897488e-05,3.816000014467136e-05,0.0004172357662876974,0.001037306827462,0.00046159270763233314,2.700000010236181e-07,0.0,0.00015741917706739238,0.0002788214128217675,0.001790658712671,0.0213616896103977,0.1385931749960196,0.3766185589572398,0.4815204275902356,0.0007040587085515649,0.0,9.000000034120603e-08,3.6000000136482413e-07,2.790000010577387e-06,1.404000005322814e-05,5.616070609526818e-05,5.868000022246633e-05,1.2870000048792464e-05,9.000000034120603e-08,0.0,2.880000010918593e-06,7.1100000269552766e-06,6.993000026511709e-05,0.0003054600011580533,0.0024050467150003,0.0054387084912073,0.0024524774210624,7.380000027978895e-06,0.0,1.8000000068241206e-07,1.3500000051180905e-06,7.020000026614071e-06,0.00014112000053501106,0.0012120635340069,0.0041522347216242,0.0034364393071458,5.760000021837186e-06,0.0,0.0,0.0,6.300000023884422e-07,4.3200000163778896e-06,7.812000029616684e-05,0.0004817911782971444,0.0003560371778203886,0.0,0.0,0.0,0.0,2.700000010236181e-07,3.5100000133070357e-06,1.2600000047768845e-05,2.277000008632513e-05,7.020000026614071e-06,0.0,0.0,0.0,0.0,0.0,0.0,0.0,0.0,0.0,0.0,0.0
West Virginia,1.0170000038556282e-05,0.00012251294164093896,0.0014120301230003,0.0050162516660763,0.0088887868572283,0.0088289209746484,0.0051920089608603,0.0014446588290063,3.330000012624623e-06,0.0,5.400000020472362e-07,2.880000010918593e-06,3.060000011601005e-06,6.57000002490804e-06,9.180000034803015e-06,8.221764737052527e-06,1.226117651707254e-06,9.000000034120603e-08,4.950000018766332e-06,4.527000017162664e-05,0.00026684505983518654,0.0003631570602003225,0.0006740343554965609,0.0008988571798783158,0.0009085274152090952,0.0003738455308290797,7.200000027296483e-07,9.267247093957314e-05,0.0019851645957614,0.0164303954740552,0.0618158557637666,0.1590914310737322,0.5147314607749679,1.9124668921916788,1.8488527033622717,0.0024702031858355,7.200000027296483e-07,8.370000031732161e-06,7.983000030264975e-05,0.00024867035388393007,0.0004237111780769528,0.0004151064721619778,0.0002321650597037085,4.958117665855931e-05,4.500000017060302e-07,2.329976479421591e-05,0.0002602129421629842,0.0014322525936652,0.0044150015461498,0.0107728443937829,0.0197750538396766,0.0328322740068259,0.0168400977109026,0.00015647153000497617,3.240000012283417e-06,2.53800000962201e-05,0.00032425094240576366,0.001562677417689,0.0072741903805189,0.025700867038613,0.0851978187935883,0.0939636356503505,0.0007920000030026131,3.6000000136482413e-07,9.000000034120603e-07,8.910000033779397e-06,4.113000015593116e-05,9.420352976890708e-05,0.00013494211815864843,0.00012461717694303416,4.8896823714788335e-05,9.000000034120603e-08,1.1700000044356784e-06,8.370000031732161e-06,0.0001045800003964814,0.0001785868242064662,0.00027088588337991783,0.0002814381187140409,0.00019860635369412853,5.4861882560932345e-05,9.000000034120603e-08,0.0,0.0,0.0,0.0,0.0,0.0,0.0,0.0,0.0
Florida,2.08800000791598e-05,6.742447084385347e-05,0.0001191600004517568,0.0004735898841484048,0.0003841757661623611,0.0002486756480015972,0.0001863000007062965,3.744000014194171e-05,0.0,0.00023535000089225375,0.0003937500014927764,0.0006534000024771558,0.0046818610765732,0.0050597100191822,0.0025278300095834,0.0004509900017097834,2.2500000085301508e-05,3.6000000136482413e-07,0.0006057000022963166,0.002334959655911,0.0042715411926647,0.0169254039465201,0.0104015943923754,0.0068823621437393,0.0053743930791988,0.0012645024753821,4.3200000163778896e-06,0.00017694000067081106,0.0013034135343532,0.0021035414197396,0.0114874408670803,0.0062260867294865,0.004667700017696,0.0038603735440471,0.0009178210623031524,3.060000011601005e-06,0.000297900001129392,0.0014902602409439,0.0024539400093033,0.0061032106113736,0.0018814500071329,0.0007121700026999633,0.0007002900026549241,1.746000006619397e-05,0.0,0.0454913077018774,0.1576723029507049,0.304741359625917,1.1961605148877985,1.0955865027417993,0.8855004824159138,0.4451494029817583,0.0699578437946344,0.0005933700022495714,3.510000013307035e-05,0.00016027058884290847,0.0003071452952820896,0.0012801981225005,0.0018172083598305,0.0029382384817276,0.0055564846093009,0.001971723889828,1.4670000055616583e-05,1.089000004128593e-05,8.541000032380452e-05,0.0001646325888594456,0.0006067528258297198,0.0004399143546089701,0.0003746795308322416,0.00023031000087314624,6.389823553636724e-05,7.200000027296483e-07,0.00021897000083015428,0.0008419500031919824,0.0015324300058097,0.0027615600104695,0.0007717500029258417,0.00029349000111267287,0.00013653000051760955,4.950000018766332e-06,9.000000034120603e-08,0.0,0.0,0.0,0.0,0.0,0.0,0.0,0.0,0.0
Maryland,2.430000009212563e-06,4.182670604092544e-05,0.00014023023582575544,0.0005556504726948052,0.0017499063595753,0.002931379422878,0.0022541985967813,0.0006370147082973891,1.0350000039238694e-05,2.700000010236181e-07,2.1600000081889448e-06,2.1600000081889448e-06,9.630000036509044e-06,1.701000006448794e-05,2.108576478582224e-05,2.2750235380367843e-05,1.0095529450038655e-05,0.0,3.420000012965829e-06,0.00013104000049679598,0.0001171902357384067,0.00055308882562627,0.0014474982407818,0.0018641121247142,0.0015770322412729,0.0004598752958611163,3.780000014330653e-06,2.9097176580900814e-05,0.00040402164859054153,0.0015285635352068,0.0068546583789284,0.0246202603286339,0.0759354479349436,0.2461964861098453,0.2929023088751507,0.0069675088499444,6.300000023884422e-07,5.37300002037e-05,3.72600001412593e-05,0.00016765658887091012,0.0003723430602351482,0.0003868422367607055,0.00023253988323454128,7.485141204848091e-05,1.3500000051180905e-06,4.509988252392287e-05,0.0005376850608619893,0.0006167767082206632,0.0037411913083011,0.0145693278199407,0.0379800156734007,0.0775792068823518,0.0867303567993984,0.0026903047160817,3.6000000136482413e-07,5.22000001978995e-06,7.96235297136317e-06,4.671000017708593e-05,0.0001870542360032736,0.0007064181203252158,0.0032547427182216,0.0034282923659384,6.26400002374794e-05,3.6000000136482413e-07,4.230000016036684e-06,2.790000010577387e-06,2.18428236122218e-05,6.579000024942161e-05,9.882247096288888e-05,9.862764743273851e-05,2.4120000091443217e-05,1.8000000068241206e-07,1.8000000068241206e-07,2.923658834613523e-05,3.0960000117374875e-05,0.00011394000043196684,0.0003264074130021745,0.0003593844719507258,0.00019674353015765447,5.571000021120653e-05,6.300000023884422e-07,0.0,0.0,0.0,0.0,0.0,0.0,0.0,0.0,0.0
North Carolina,4.491000017026181e-05,0.0001430100005421764,0.0004324800016396087,0.0039586256620666,0.0089327019162184,0.0156812908829799,0.0120063875749301,0.0048960868420913,2.3940000090760805e-05,4.050000015354272e-06,1.4220000053910551e-05,2.0520000077794972e-05,0.00016056000060871156,5.9580000225878393e-05,7.365705910277644e-05,5.256000019926432e-05,1.2870000048792464e-05,0.0,0.0006016012963984247,0.0018395865952094,0.0036306508372938,0.0272722822210411,0.0235650262069862,0.0290926959926485,0.0217781884355061,0.0052337424904302,1.8900000071653269e-06,0.0009796249448904032,0.0019371017720497,0.007663558264348,0.0631016003568764,0.1317015357934217,0.3257789317056741,0.8102141660128427,1.1417200116225816,0.0123241482820171,0.00010353705921605684,0.0003890301191219413,0.0005072248254523915,0.0032558534241082,0.0020147477723441,0.0021097581256455,0.0015142863586821,0.00026839800101754465,1.8000000068241206e-07,0.0058497942574717,0.0310963610590683,0.0325537889469466,0.2149630282267278,0.4208620219485041,0.7402709738653226,0.8777186983864113,0.3259187892356162,8.274105913721551e-05,2.106000007984221e-05,7.44469414587122e-05,0.000373861413182081,0.0031809201297064,0.014145120759509,0.0748043918130085,0.2715516850295008,0.292934392287037,0.0018858833012673,9.810000037191458e-06,3.0510000115668845e-05,7.36143532202616e-05,0.000429390001627894,0.0011392069454954,0.0017623337713872,0.0015287615352075,0.0005638284727258095,9.000000034120603e-08,3.447000013068191e-05,0.00010503000039818744,0.0002106035302102002,0.0013524995345393,0.0011500140043599,0.0015181980057557,0.0010752024746645,0.00019911705957841765,1.8000000068241206e-07,0.0,0.0,0.0,0.0,0.0,0.0,0.0,0.0,0.0
Delaware,2.700000010236181e-07,1.3770000052204525e-05,1.0350000039238694e-05,5.103000019346382e-05,0.00022526717732461625,0.00035037494250480443,0.0002096311772653374,5.643000021393618e-05,3.6000000136482413e-07,0.0,5.400000020472362e-07,4.500000017060302e-07,1.7100000064829146e-06,2.1600000081889448e-06,2.880000010918593e-06,2.0700000078477387e-06,4.500000017060302e-07,0.0,1.9800000075065327e-06,7.353000027876533e-05,2.8980000109868342e-05,0.0001809801183331867,0.0005281838843553804,0.0006753007084425382,0.0004070675309550302,9.567494153919132e-05,5.400000020472362e-07,2.250000008530151e-06,0.00012971258872705764,0.00011515305926009516,0.0005536055315105818,0.0031881204826749,0.0076715103820252,0.0176056550079226,0.0212198817275071,0.00019584000074246435,6.300000023884422e-07,1.4400000054592963e-05,7.560000028661307e-06,3.555000013477638e-05,9.162000034734774e-05,8.785058856835134e-05,4.689282370719081e-05,1.3500000051180903e-05,0.0,1.1250000042650754e-05,0.0002747710598652354,0.00012772200048421687,0.0007414482381050799,0.0039579328385346,0.0126812531069004,0.0273782305743839,0.0216718461998088,8.865000033608794e-05,0.0,1.5300000058005023e-06,9.000000034120603e-07,3.870000014671859e-06,1.4130000053569349e-05,3.060000011601005e-05,0.00012640764753805745,0.0001085456474703394,2.700000010236181e-07,0.0,1.4400000054592963e-06,9.900000037532664e-07,4.3200000163778896e-06,1.9800000075065327e-05,2.277000008632513e-05,1.5030000056981407e-05,4.3200000163778896e-06,0.0,5.400000020472362e-07,1.2343411811501956e-05,5.67000002149598e-06,2.97900001129392e-05,0.00012654000047973568,0.00015295800057989103,8.883317680737063e-05,2.5740000097584925e-05,9.000000034120603e-08,0.0,0.0,0.0,0.0,0.0,0.0,0.0,0.0,0.0
Georgia,1.7550000066535176e-05,0.00012949482402034972,0.00043834729577949975,0.003101836952936,0.0070922280268879,0.0117474183974777,0.016673841239684,0.0137360658167817,2.9160000110550754e-05,9.000000034120603e-08,5.400000020472362e-07,1.6200000061417086e-06,6.7500000255904524e-06,7.020000026614071e-06,9.180000034803015e-06,4.230000016036684e-06,1.0800000040944724e-06,0.0,0.0001998000007574774,0.0015533096529476,0.0036464989550009,0.0208123853730211,0.0209576185500422,0.026469649865057,0.0271313270440361,0.0096969727426453,9.000000034120603e-08,0.0003595500013631181,0.00307294801165,0.0084577867379473,0.0631286278863906,0.0925689264685923,0.1779341043216387,0.4799834273491144,0.5060269166243206,0.0008631197679781231,0.0001178100004466387,0.0004488635311134863,0.001117709298355,0.004469064016943,0.00191763000727,0.0014938785938988,0.0010228500038778,0.00013203000050054925,0.0,0.0111958701600925,0.0655692803662318,0.2042087697153683,0.9822828238416562,1.1006489402904032,1.4125154435903915,1.3829798110078286,0.3674598366872234,7.704000029207236e-05,5.265000019960553e-05,0.00018964941248370056,0.0010516595333987,0.0064613315539078,0.022897175733866,0.0959768156579828,0.356832927117523,0.2682145668992021,5.312752961318063e-05,1.089000004128593e-05,9.144000034666532e-05,0.00028347741283941925,0.0016126238884666,0.0020386757724348,0.0028860098932943,0.0029528851876655,0.0010125095332503,0.0,1.1700000044356784e-05,3.942000014944824e-05,0.00016488000062508945,0.0004466700016934056,0.0003043800011539588,0.00021411741257646317,0.0001286622357818991,2.223000008427789e-05,0.0,0.0,0.0,0.0,0.0,0.0,0.0,0.0,0.0,0.0
South Carolina,1.8270000069264825e-05,0.00011682000044288544,0.0003511740013313632,0.0019169657719734,0.0043909429578233,0.0070742156738784,0.0076300415583386,0.0045884248409249,4.500000017060302e-06,0.0,1.1700000044356784e-06,2.430000009212563e-06,8.190000031049749e-06,9.450000035826632e-06,8.910000033779397e-06,4.590000017401508e-06,5.400000020472362e-07,0.0,0.0002286487067492009,0.0009905530625788925,0.0024847821270673,0.0126329855773056,0.0117221771032643,0.0135305771101203,0.0118932335745011,0.0045377682524976,1.3500000051180905e-06,0.00020997000079603367,0.0015565341235481,0.0053840689615884,0.0328718669481525,0.0515441310189423,0.1038726018055642,0.2296345812235267,0.1624758863806809,7.544294146248821e-05,0.00011129294159840196,0.00037089000140611006,0.0008497048267507941,0.0028361202460463,0.0011006018865255,0.0009565507095088072,0.0005888329434088411,8.360329443460204e-05,1.8000000068241206e-07,0.010228531803484,0.0248674564472181,0.0856520336188397,0.4050768633004243,0.5049139586201012,0.8213389259373715,0.7792087183658839,0.1830750066940699,1.4389058878080895e-05,2.1150000080183418e-05,0.00010251000038863368,0.0005684400021550573,0.0034543277778018,0.01284004240162,0.054549260324453,0.1754232243121195,0.1043529106309145,4.720835312015175e-05,9.54000003616784e-06,4.104000015558995e-05,0.00015399564764264847,0.0007218900027368136,0.0010457100039644,0.00146300506437,0.0011662902397157,0.0003671784719802743,1.8000000068241206e-07,7.740000029343719e-06,2.38500000904196e-05,7.893000029923769e-05,0.0002719782363252356,0.00017502847125179942,0.0001650790594493735,9.239611799734895e-05,1.431000005425176e-05,0.0,0.0,0.0,0.0,0.0,0.0,0.0,0.0,0.0,0.0
Virginia,1.79100000679e-05,0.0001949400007390523,0.0011997642398426,0.0046180786057432,0.0104950108633178,0.0138827679349849,0.0087357667390012,0.0024756600093856,8.190000031049749e-06,1.6200000061417086e-06,5.940000022519598e-06,1.6020000060734674e-05,9.69300003674789e-05,5.040000019107538e-05,6.833682378848884e-05,5.0296941367155255e-05,1.4146941230104165e-05,1.8000000068241206e-07,0.0001332900005053261,0.0007167600027173648,0.0039138949560147,0.0189946881896593,0.0157587650009207,0.019935341369696,0.014192582877336,0.0027194445985451,7.830000029684925e-06,0.0002451730597530241,0.0024210582444727,0.0158245842952879,0.0640370451839523,0.1772581898484879,0.4647023894088282,1.394571163757656,1.749770060045455,0.0069842075558901,1.773000006721759e-05,6.123952964393467e-05,0.0003402900012901,0.0018862987130336,0.0012849603578126,0.0014405971819321,0.0010148643567887,0.00021098576550576697,1.1700000044356784e-06,0.0008122108266086477,0.003575142013554,0.0157120482948612,0.0687190407311143,0.1852815455259647,0.4066120974238918,0.6165821582199258,0.3133614244821266,0.0020749528313959,3.960000015013065e-06,6.272011788484197e-05,0.0004010400015204141,0.0017890238891354,0.0097995805077401,0.0392415382664187,0.1244064597657647,0.1510142338666395,0.00031558306001996104,2.340000008871357e-06,1.3500000051180903e-05,6.759000025624573e-05,0.0002521800009560593,0.0008773323562672997,0.0010606754157859,0.0006699928260694739,0.00019426835367768243,2.700000010236181e-07,8.280000031390955e-06,4.374000016582613e-05,0.0002664861186573552,0.0009569929448046014,0.0007831821206162417,0.0008912057680846023,0.0005767238845394042,0.00015890294177889997,1.6200000061417086e-06,0.0,0.0,0.0,0.0,0.0,0.0,0.0,0.0,0.0
Alabama,4.47300001695794e-05,0.0003358800012733809,0.001258110710652,0.0071562395565423,0.0173143274774064,0.0330737044783294,0.0807223404236798,0.033343337067587,1.4400000054592963e-06,4.500000017060302e-07,2.610000009894975e-06,5.580000021154774e-06,2.7388588339129134e-05,2.745000010406784e-05,2.205000008359548e-05,1.566000005936985e-05,1.5300000058005023e-06,0.0,0.00022185000084107287,0.002073640949038,0.0059876795521121,0.0339585975405077,0.0457895045265373,0.0795768737134548,0.1294856630791385,0.0328988058894311,1.611000006107588e-05,0.000629910002388101,0.0054703048442683,0.0194243157206998,0.1221227584629891,0.1916591894324964,0.3131115650694146,0.7683020005598287,0.360213879483282,4.257000016139045e-05,4.113000015593116e-05,0.0003323834130248306,0.0005219103549198316,0.0028875458933001,0.0013119060049736,0.0012053636516285,0.0011338718866516,8.487000032175729e-05,9.000000034120603e-08,0.0051926629608627,0.0370078988461858,0.1200523098669043,0.6938979922777496,0.9342050371887968,1.474350787354232,1.389289930914105,0.2292629941632945,0.0004181400015852432,4.311000016343769e-05,0.0002859300010840116,0.0011751409456316,0.0067144080254555,0.0233820184415865,0.0851558982051941,0.2919812541657765,0.1307226174367692,7.830000029684925e-06,2.475000009383166e-05,0.0002348100008902065,0.000676450237858661,0.0036777300139429,0.0058694301398991,0.0087597917979158,0.0122459435758383,0.003466001660199,4.1400000156954775e-06,6.9300000262728645e-06,4.995000018936935e-05,0.00011773023574045394,0.0004988714136560162,0.00056566447273277,0.0006457425906834193,0.000376777766134314,4.896000018561608e-05,0.0,0.0,0.0,0.0,0.0,0.0,0.0,0.0,0.0,0.0
Tennessee,2.2590000085642717e-05,0.00010531270628161216,0.0005266507078789796,0.0055468090798524,0.0192270636023049,0.0378281609669427,0.0710294522692853,0.0272112699855157,5.850000022178392e-06,0.0,1.8000000068241206e-07,9.000000034120603e-08,2.790000010577387e-06,5.040000019107538e-06,7.650000029002513e-06,4.500000017060302e-06,1.0800000040944724e-06,0.0,3.150000011942211e-05,0.0001076400004080824,0.0015959710648741,0.0039801349562658,0.0077143782645406,0.019014715836794,0.026734223748413,0.0061750253175282,1.8000000068241206e-07,0.00026941694219787817,0.001035941298045,0.0074903742636914,0.0575343393945935,0.1960586393315285,0.5456656425393039,2.0130856452790247,1.220021706037084,0.0048529097831041,2.0700000078477387e-06,7.560000028661307e-06,6.354000024089146e-05,0.0003170587070843789,0.0007213200027346526,0.00092770094469355,0.0006131244729126993,9.24709415270444e-05,0.0,0.00014466882407787707,0.0004034078838823323,0.0036872488375084,0.0169997407703313,0.0540142177341892,0.1238414983518581,0.1522916557538354,0.0318007130617386,3.300705894866505e-05,2.1150000080183418e-05,8.828294151116694e-05,0.0005286960020043808,0.0036621081315307,0.0223685340848031,0.1144419565515168,0.335047077034929,0.2193664991845986,0.000558111531527665,2.970000011259799e-06,1.1250000042650754e-05,0.00011313000042889598,0.0003452880013090483,0.0011413732984447,0.0023263440088195,0.0022532167144246,0.0004319036486962472,9.000000034120603e-08,9.000000034120603e-07,5.130000019448744e-06,5.211000019755829e-05,0.0002197785890685139,0.0004558355311399184,0.0006333638847541366,0.0004189327074706014,5.643000021393618e-05,0.0,0.0,0.0,0.0,0.0,0.0,0.0,0.0,0.0,0.0
Kentucky,3.420000012965829e-06,8.917694151455626e-05,0.0008218800031158935,0.0049187135480594,0.0188640868950465,0.0334797410681041,0.0429813393394205,0.0040980455449481,2.700000010236181e-07,0.0,0.0,9.000000034120603e-08,1.6200000061417086e-06,4.050000015354272e-06,3.240000012283417e-06,1.9800000075065327e-06,1.8000000068241206e-07,0.0,2.250000008530151e-06,8.190000031049749e-06,0.0001490400005650372,0.0003807000014433015,0.0018014403597707,0.0045787397820647,0.0054154193146484,0.00025354729507889005,9.000000034120603e-08,3.825000014501256e-05,0.0008950009445695785,0.0083075340314953,0.0513665049006219,0.2171286265878792,0.7459850375340443,2.5227631429760096,0.8969266304592322,6.686435319467114e-05,5.400000020472362e-07,4.410000016719096e-06,3.933000014910704e-05,0.0002611012951075286,0.0010140469450209,0.0011990527104281,0.0006004027081585866,2.8440000107821103e-05,9.000000034120603e-08,1.6349294179630145e-05,0.00013158000049884322,0.0008945100033912468,0.0067376156726023,0.0225302280854161,0.0415784302752782,0.0300542616433528,0.0027616863634112,0.0,1.9800000075065327e-06,3.402000012897588e-05,0.000250806353892028,0.0021931454200793,0.017297534183225,0.1086605584119515,0.1866884382371809,0.0676076536680773,0.0,0.0,1.0800000040944724e-06,1.0260000038897488e-05,8.568000032482814e-05,0.00044282576638471366,0.0010327125921504,0.000918462003482053,5.445000020642965e-05,0.0,4.500000017060302e-07,4.3200000163778896e-06,3.3030000125222614e-05,0.00017181000065136232,0.000772710355870659,0.0009762324742893065,0.00042505200161144783,1.866776477665517e-05,0.0,0.0,0.0,0.0,0.0,0.0,0.0,0.0,0.0,0.0
Mississippi,4.833000018322764e-05,0.00034092000129248845,0.0009214140034932446,0.0076629010878749,0.0187890777182915,0.0286255949320541,0.0611292319964576,0.0236638836191257,3.195000012112814e-05,4.500000017060302e-07,4.3200000163778896e-06,9.09000003446181e-06,3.996000015149548e-05,4.401000016684975e-05,3.078000011669246e-05,1.818000006892362e-05,2.1600000081889448e-06,0.0,0.00014139000053603468,0.0014001787111906,0.0044315710756244,0.0276838539873073,0.037009006728543,0.0557246335053796,0.0807303338354748,0.0244428745632555,8.820000033438191e-06,0.0006509336495266289,0.0050659037839116,0.0177767619497478,0.1215081075194823,0.1991460533432334,0.2701347726711878,0.5162212876041457,0.2224268884903187,0.0002295900008704166,2.2590000085642717e-05,0.00020286211841614527,0.0003908700014818578,0.0022817636557093,0.0014251440054029,0.0011174205924716,0.0009004090622371406,7.740000029343719e-05,9.000000034120603e-08,0.0026443249512015,0.0206898043137328,0.0746840378125522,0.4319568556376253,0.7200978440241368,1.30161543034642,1.2344771997389463,0.1971504709827267,3.312000012556382e-05,3.006000011396281e-05,0.0001879200007124382,0.0004689554135425994,0.0048463397830792,0.0196636843098426,0.0528371165532561,0.151759883163584,0.071924473331502,0.0002404800009117025,1.9620000074382915e-05,0.0002016000007643015,0.0007066934144439065,0.0036306031902348,0.0059139536694796,0.0078521474415335,0.0102762554507238,0.0033563488362539,9.900000037532664e-07,6.57000002490804e-06,4.8420000183568845e-05,0.00010861941217650142,0.0007009200026573126,0.0012060660045724,0.0011694804750219,0.00041284694274164687,4.1238706038696224e-05,0.0,0.0,0.0,0.0,0.0,0.0,0.0,0.0,0.0,0.0
Louisiana,1.431000005425176e-05,0.00017100000064829146,0.0007512169440244678,0.0035023111897484,0.0040346456623548,0.005904093198854,0.0071250984976007,0.0006775122378626872,0.0,9.000000034120603e-08,7.1100000269552766e-06,2.448000009280804e-05,0.00010620000040262312,0.00012474000047291156,0.00010188000038624524,5.829352963276586e-05,4.500000017060302e-06,0.0,0.00011241000042616632,0.0022230000084277,0.0071260189681924,0.0295595019944182,0.0374111334359499,0.0558885489177658,0.0488069430085652,0.0030931482470207,9.000000034120603e-08,0.00036836329551417793,0.0052187227256674,0.0271928856325048,0.1576714276565839,0.1194734630411804,0.1527668924615194,0.1471371104401759,0.0081824763839624,1.8000000068241206e-07,3.2130000121810554e-05,0.00022122000083868443,0.0008221312972344932,0.0043068571927986,0.0022255464790256,0.0011465707102292,0.0007661248264339274,2.475000009383166e-05,9.000000034120603e-08,0.0009681381213174428,0.0145346792315741,0.0469572968839058,0.1740893046600035,0.5156265545430674,1.0467961123215317,0.7945061747768203,0.0309586105879578,1.1700000044356784e-06,6.390000024225628e-06,7.389000028013015e-05,0.000295924589357197,0.0013172061226408,0.0053263613143108,0.0159862193547242,0.0293801302290323,0.004409739899071,2.700000010236181e-07,1.881000007131206e-05,0.000459540001742198,0.0012353604752717,0.0036469683667674,0.004933919312823,0.0075271532050073,0.0069145320262142,0.0005860574139865539,9.000000034120603e-08,7.92000003002613e-06,7.362000027910653e-05,0.00011736000044493268,0.000689310002613297,0.0014239132995159,0.0008073448265901998,0.0001820700006902598,4.77000001808392e-06,0.0,0.0,0.0,0.0,0.0,0.0,0.0,0.0,0.0,0.0
Texas,0.000761007179355702,0.0028590480108391,0.0075291582638384,0.0121560593402034,0.0188909044245599,0.0138901196997187,0.0059645244932008,0.0005011200018998352,0.0002579400009778965,1.224000004640402e-05,0.0001179000004469799,0.0015064200057111,0.0087545725037783,0.0315722701196961,0.0132344975795861,0.0013146561226311,1.6470000062440704e-05,1.5480000058687438e-05,0.0013421947109708,0.01498914711565,0.0427030833383655,0.0511215827820463,0.0570178826867531,0.0565285759790157,0.0371112640230483,0.000714771179180413,0.0002532600009601538,0.0184249867757347,0.0309212175289925,0.1538976799952182,0.3854477372260069,0.5890891561156948,0.432590682934146,0.2196197902443824,0.0128776500488214,0.0021989700083366,0.0036549360138565,0.1092826172378392,0.1241313827058983,0.0323760964756847,0.0040353180152986,0.001836018712843,0.0005252004725793639,4.104000015558995e-05,1.79100000679e-05,0.0130380099317823,0.0881452065694682,0.5455040879504561,0.9033021023657556,1.175828668457776,1.023412313291703,0.7352001821990397,0.0096345483894674,0.0135912600515268,0.0003465000013136432,0.0012298997693686,0.0038675188381918,0.0177931310086333,0.1118644472476274,0.1464828697318132,0.0595809408141172,0.0025075267153888,0.0002908800011027779,4.9770000188686936e-05,0.00045450000172309046,0.0016765037710618,0.0040302818976324,0.0072770283805296,0.0076140508523956,0.0035574977781929,9.081000034427689e-05,5.67000002149598e-06,0.000678763414338019,0.0073535841455258,0.0146591054673399,0.0068770821437193,0.0024041816561735,0.0008118871795485972,0.00036648000138939096,3.267000012385779e-05,5.040000019107538e-06,0.0,0.0,0.0,0.0,0.0,0.0,0.0,0.0,0.0
Oklahoma,0.00025869247156898453,0.0017856713008874,0.006003136258053,0.007022286732505,0.0122955035760262,0.0082409315606546,0.0129360681666899,0.00030348000115054674,0.0,9.000000034120603e-08,1.8000000068241206e-07,3.6000000136482413e-07,3.870000014671859e-06,7.740000029343719e-06,3.947294132611954e-06,1.2600000047768845e-06,0.0,0.0,0.000193950000735299,0.0016646495357227,0.0053657209615188,0.0057574076688861,0.0072809506158386,0.0075894134405375,0.0114740400435001,7.740000029343719e-05,0.0,0.0119945615748852,0.0218411443180977,0.1520613464588446,0.4408268787300768,0.77094042821689,0.4424508122656451,0.6490086116369779,0.0170274713586718,0.0,0.00018825247130193392,0.0024919874212122,0.0009611597683498104,0.0003936518838453456,0.0003889644720628689,0.000196054588978572,6.462000024498593e-05,8.100000030708543e-07,0.0,0.0012399427105831,0.0079436622654099,0.0245135464458763,0.0386348524994127,0.0891829972792851,0.1030163869787887,0.1570142162423276,0.00036678458962583984,0.0,0.0003147300011931975,0.0007763400029432432,0.0027395333045037,0.0160245777078108,0.0699132285003476,0.0983538000199356,0.2433377218637131,0.0011605545926351,0.0,3.204000012146935e-05,0.0003814200014460312,0.0012576988282975,0.001049835886333,0.0016666542416127,0.0017112441241346,0.0023559229501081,1.4580000055275376e-05,0.0,0.00011835000044868592,0.0007179300027218005,0.0008690421209417523,0.00023526000089191257,0.0004290275310382845,0.0003340800012665568,0.00021402000081138797,3.6000000136482413e-07,0.0,0.0,0.0,0.0,0.0,0.0,0.0,0.0,0.0,0.0
Arkansas,2.97900001129392e-05,0.00013932000052818694,0.0006379200024184684,0.0048533227242821,0.0113220300429238,0.021472124904934,0.0281167783418898,0.001029780003904,0.0,3.6000000136482413e-07,3.5100000133070357e-06,5.940000022519598e-06,3.636000013784724e-05,4.7970000181862815e-05,3.214270600421167e-05,1.1700000044356784e-05,3.6000000136482413e-07,0.0,7.002000026545829e-05,0.001491223064477,0.0050043363719135,0.0214492409048473,0.0282590789306646,0.0602125410518058,0.0595115988138543,0.001193780475114,0.0,0.0010776652982032,0.0044954393111606,0.024146651738603,0.18004739715318,0.3175851015569628,0.7076478432710543,1.7082114527114285,0.1004642439102896,4.500000017060302e-07,1.227105887005118e-05,0.00011818800044807176,0.0002892148246258767,0.0024479816563395,0.0011886250633298,0.000885835062181888,0.0006799443555189666,1.5169058881038015e-05,0.0,0.00047414259003285313,0.011185200042405,0.033158969066888,0.0896338916339356,0.3424357364747055,0.7404547806895492,0.6555367313087861,0.0036353731902529,0.0,4.419000016753216e-05,0.00013950000052886935,0.0010494561216257,0.00592754331659,0.0370688920228877,0.2364811219553655,0.6183886343444215,0.0049056331950687,0.0,1.2150000046062814e-05,0.0003043800011539588,0.000798254826555738,0.0026427628335485,0.0040829064860672,0.0086252559150528,0.0088168366216614,0.00019136258896078375,0.0,1.5300000058005023e-06,3.636000013784724e-05,0.0001329300005039613,0.0004941900018735623,0.000996740474367056,0.0006693970613613329,0.00035271000133718644,6.190941199941549e-06,0.0,0.0,0.0,0.0,0.0,0.0,0.0,0.0,0.0,0.0
Idaho,0.0040152981328697,0.0085020557969386,0.0074462086164651,0.0031197487177098,0.0011372643572527,0.0002055585890146033,7.947000030128493e-05,3.771000014296533e-05,2.106000007984221e-05,0.0002863800010857176,0.0004739890606205064,0.0005663555315589194,0.0003428100012996538,0.0001356300005141975,4.824000018288643e-05,1.818000006892362e-05,3.420000012965829e-06,2.700000010236181e-07,0.0082469661489127,0.0272837863387318,0.0475495798273277,0.050502933014995,0.0380531150854426,0.0232789702059017,0.0138609893466671,0.0043845741342697,9.85701180207557e-05,0.0518775252555004,0.1357609773382234,0.1270010002461892,0.0519629553734714,0.0167499861811492,0.0098567001550155,0.0010684651805213,0.0056446839037529,0.0056927640215822,0.1033938618037492,0.2341348184170585,0.2080408260828374,0.0743914336937958,0.012346190870336,0.0022770518909856,0.0006571118848441693,0.0002193300008315191,9.216000034939498e-05,0.1464576499670118,0.4563607277301447,0.9992898606120152,1.2947260097320668,1.0565708312997657,0.5494564767889697,0.4552592844318513,0.28901802744866,0.0030152608349608,0.0096707238013693,0.0505384230151295,0.1033997781567128,0.0905947146964018,0.0438729054604476,0.017645517596309,0.0063848255536177,0.001087482357064,0.00026261470687797205,0.0010282249450746,0.003438750365978,0.0044370723697629,0.0031323698942283,0.001642607300345,0.0007577844734611313,0.0004265177663228872,0.0001656000006278191,2.970000011259799e-06,0.0025021549506625,0.0044430977815504,0.002480924832935,0.0005700250609845959,0.00017751105949650545,6.957000026375226e-05,2.5470000096561307e-05,1.2060000045721608e-05,3.5100000133070357e-06,0.0,0.0,0.0,0.0,0.0,0.0,0.0,0.0,0.0
New Mexico,0.0065610868484036,0.007926518500639,0.0082304036782617,0.0055934911976765,0.0025389144802137,0.0011964797692419,0.0005352575314410213,0.000308564824699236,5.310000020131156e-06,0.0,0.0,0.0,0.0,0.0,0.0,0.0,0.0,0.0,0.0749184793428528,0.0665021734285921,0.0338272345988333,0.0270946582203677,0.0202692943121386,0.0033673164833543,0.0003023565893815818,0.0001089900004132005,9.900000037532664e-07,0.0479832570054424,0.0610184384666258,0.0563986971549939,0.0266677426893374,0.0106515014521464,0.0061458406115352,0.0035282403663173,0.0019108687131267,2.8170000106797488e-05,1.0609919150812326,1.3219098904233606,0.9627819883559604,0.2415304713862733,0.0270142515141805,0.0029657774230084,0.00018475976540633957,1.809000006858241e-05,1.8000000068241206e-07,0.0222776439668114,0.0897210102225012,0.2458021699907033,0.3926960256064277,0.271736966441968,0.0472919384145862,0.0017005969476237,0.0003553200013470814,1.3500000051180905e-06,0.00357192248413,0.0193189754850063,0.0434246920469836,0.0739563066333227,0.0624382918837735,0.0171372974767352,0.0038688000146673,0.002071487301971,3.924000014876583e-05,9.768917684094532e-05,0.00024291000092091508,0.00046341000175686986,0.00031842000120718694,7.31700002774005e-05,5.580000021154774e-06,2.700000010236181e-07,9.900000037532664e-07,0.0,0.0187231119533355,0.0194176027794979,0.0201790225470905,0.0087140739153895,0.00035127000133172714,1.5120000057322612e-05,4.500000017060302e-07,4.500000017060302e-07,0.0,0.0,0.0,0.0,0.0,0.0,0.0,0.0,0.0,0.0
Utah,0.0020178713017677,0.0034399175424531,0.0030665149528021,0.0017505402419307,0.000994886121418849,0.0004369500016565553,0.0002807100010642216,8.559000032448694e-05,0.00020781000078784476,0.0,0.0,0.0,0.0,0.0,0.0,0.0,0.0,0.0,0.0600560504629772,0.0525698483169487,0.0166903214750406,0.0066060886132801,0.0045295849583489,0.0019043213013372,0.0006208200023536392,0.00017046000064624425,0.0005542200021011467,0.0488860314794533,0.1488299373877702,0.1610510222576319,0.1308793692020693,0.0889542303372413,0.0792848297123476,0.0488678652440903,0.0147277811146591,0.0362770243728267,0.8282455534929675,1.1896697752161327,0.6471639624535138,0.1146337165522439,0.052645517140765,0.0072480939098317,0.0012305491811358,0.0005865300022236397,0.0008319600031541086,0.016375862532672,0.0670229804893901,0.2099040251487247,0.2214339117806718,0.2441853902198679,0.0956800694215637,0.0113659225136784,0.0024636024799281,0.0087620520332185,0.0013453298874533,0.0080577868540779,0.0331720628316435,0.0463267367638682,0.049728485129706,0.0209306824322931,0.0088883580336973,0.0019038741248649,0.0016146900061215,2.655000010065578e-05,3.510000013307035e-05,4.9140000186298494e-05,4.896000018561608e-05,3.420000012965829e-05,1.2780000048451257e-05,7.020000026614071e-06,2.0700000078477387e-06,3.060000011601005e-06,0.013798030640546,0.0052114009609338,0.0050007430777822,0.0042814800162318,0.0017527510654685,0.0003122100011836437,0.0001447200005486593,1.7640000066876382e-05,2.6190000099290955e-05,0.0,0.0,0.0,0.0,0.0,0.0,0.0,0.0,0.0
Colorado,0.0050563542544636,0.0146868219380333,0.0225539534972707,0.023935199031919,0.0197676703102368,0.0126594491068177,0.0055463107269094,0.0011665348279519,8.631000032721658e-05,0.0,0.0,0.0,0.0,0.0,0.0,0.0,0.0,0.0,0.0487868592437832,0.0794350446540935,0.0477548352398706,0.0491179992450386,0.0577517059836528,0.0205850524309827,0.0018252000069196,0.00033183000125802664,1.998000007574774e-05,0.1042553368658387,0.297232738656274,0.3207575623925196,0.2581721332140707,0.1869050047085901,0.1416757780665298,0.1030979587438039,0.0290401268159786,0.0021213000080422,0.6993603958278705,1.1102605150327247,0.6979270907636128,0.3385931568130788,0.1429550772478505,0.0211098399623841,0.0015309303587452,0.00016830000063805528,1.179000004469799e-05,0.0367293943745417,0.1200982278670784,0.297424216657,0.5931624308370198,0.8951457065701275,0.358393135005791,0.0090219688577333,0.0013772700052214,0.00011844000044902714,0.0042126162512648,0.0189709214836868,0.0611393112906135,0.1424170212458106,0.178330338676082,0.0827513074901955,0.0195638114859346,0.0036099416607447,0.00020790000078818596,9.578188271606737e-05,0.00030627000116112413,0.00036180000137164825,0.0003760200014255588,0.00017856000067695277,4.266000016173166e-05,7.92000003002613e-06,1.9800000075065327e-06,0.0,0.0082538785018801,0.0044573714286633,0.0040143864858074,0.0021359700080978,0.0003906723544222849,3.627000013750603e-05,2.610000009894975e-06,1.7100000064829146e-06,0.0,0.0,0.0,0.0,0.0,0.0,0.0,0.0,0.0,0.0
Wyoming,0.0024973521271149,0.0037047518963983,0.0023996971855682,0.0013152257696921,0.000539910002046895,0.00019008000072062717,4.712682370807795e-05,1.0620000040262312e-05,9.000000034120603e-08,0.0,0.0,0.0,9.000000034120603e-08,0.0,0.0,0.0,0.0,0.0,0.0138704884055266,0.0174507823014531,0.0098807823904009,0.0073441736749018,0.0033825063657648,0.0007430008263462603,7.46100002828598e-05,1.404000005322814e-05,4.500000017060302e-07,0.0791855321825594,0.119265653746275,0.087985300568862,0.0481655235943687,0.0190894380723714,0.0070368744972662,0.0031830515414792,0.0005081400019264493,9.27000003514422e-06,0.2272420430968091,0.231147490405733,0.1758992681962772,0.1106942679490734,0.025640347861913,0.0036047227195484,0.0005618700021301493,3.3930000128634674e-05,3.6000000136482413e-07,0.0890956630436598,0.2071265658440772,0.39748127480104,0.6911221713260496,0.6401759018387856,0.111032043950354,0.0019527801250503,0.00028934364815577684,1.1070000041968342e-05,0.0018749378894611,0.0055790029623274,0.0099989919202609,0.0108206061586699,0.0044529783698232,0.0008391007090635331,9.319129447095186e-05,1.528552946971487e-05,4.500000017060302e-07,3.807000014433015e-05,4.511964722988015e-05,5.4990000208476886e-05,5.4540000206770856e-05,1.771129418479373e-05,2.6142353040286785e-06,7.200000027296483e-07,1.8000000068241206e-07,0.0,0.002838217775466,0.0019674571839295,0.0014415917701712,0.000639090002422904,0.00012106764751781256,1.476000005595779e-05,2.700000010236181e-06,9.000000034120603e-08,0.0,0.0,0.0,0.0,0.0,0.0,0.0,0.0,0.0,0.0
Nevada,3.969000015047186e-05,0.00017384400065907358,0.000254491765670706,4.536000017196784e-05,3.420000012965829e-06,7.740000029343719e-06,2.880000010918593e-06,1.2870000048792464e-05,0.0,4.500000017060302e-06,1.9800000075065327e-05,5.571000021120653e-05,2.0340000077112563e-05,1.0800000040944724e-06,7.200000027296483e-07,5.400000020472362e-07,1.7100000064829146e-06,0.0,0.0070111944971689,0.0205953756074925,0.0017540749478264,0.00025329600096029025,6.039000022894925e-05,9.891000037498544e-05,1.269000004811005e-05,1.9350000073359297e-05,0.0,0.00040051235445959016,0.0026206549511118,0.0042634916632224,0.0011726142397397,9.657000036611409e-05,6.210000023543216e-05,0.00013214082403038117,9.83700003729382e-05,7.200000027296483e-07,0.1361069362807115,1.4987282774466515,1.0497672668033842,0.0221346734956811,0.0036664263668412,0.0034498958954321,0.0004030687074104582,0.0003507423542709032,6.375529435935474e-06,0.0025804401274299,0.0208907679615535,0.0985137367264243,0.0603791349347904,0.0047025882531224,0.0010282192980158,0.0006611082378004967,0.0005703352962798898,2.430000009212563e-06,4.554000017265025e-05,0.00018144635362907192,0.0007298657674729335,0.000838191885530676,7.704000029207236e-05,1.7280000065511558e-05,2.520000009553769e-05,7.650000029002513e-06,8.100000030708543e-07,1.3230000050157288e-05,8.181000031015628e-05,0.0001804500006841181,4.788000018152161e-05,4.500000017060302e-06,2.790000010577387e-06,1.3500000051180905e-06,4.860000018425126e-06,0.0,0.0055977702565162,0.0074696294400834,0.0004024595309375605,8.415000031902764e-05,2.690894127848718e-05,1.0260000038897488e-05,5.400000020472362e-06,6.57000002490804e-06,0.0,0.0,0.0,0.0,0.0,0.0,0.0,0.0,0.0,0.0
Montana,0.0049643319011736,0.006594782142649,0.0055697379034688,0.0026324442452741,0.0009322471800049032,0.00025596000097039,9.381282388507288e-05,5.4090000205064825e-05,0.0,1.8540000070288443e-05,6.331058847531583e-05,5.094000019312261e-05,2.4390000092466835e-05,8.280000031390955e-06,3.060000011601005e-06,1.1700000044356784e-06,0.0,0.0,0.0164354654740744,0.0267214141013056,0.0395648429735267,0.0322434971810643,0.0174316320660864,0.0064341579067459,0.0020462036548163,0.0005082720019269497,2.178000008257186e-05,0.0878834286861229,0.1072755484067007,0.0792627694769698,0.0355708423701495,0.0105001652162785,0.0053440411967308,0.0019312771837924,0.0016171200061307,2.430000009212563e-06,0.2209183300140114,0.1752121965466135,0.2011692244097271,0.1533286357577667,0.0324423572994653,0.0025068240095038,0.0005271974137634051,0.0001853100007025432,1.6200000061417086e-06,0.2809204831826666,0.5660141273223313,1.1198688924809168,1.811009110748211,2.0037498601848083,0.6934907045114997,0.1615961893185222,0.0622037310593548,0.0015253316528416,0.0045045360170774,0.0238956713847103,0.0448978508760981,0.0342534573063315,0.0141262204064961,0.0037842035437583,0.000972142238979682,0.00022914000086871056,8.734941209586306e-06,0.0003021487070278525,0.0012556284753485,0.0021286528315995,0.0016203529473195,0.000829690238439621,0.0002763000010475025,7.31700002774005e-05,2.268000008598392e-05,9.000000034120603e-07,0.0084254283848834,0.0046651877823924,0.0048158294300223,0.0017244000065375,0.00032380941299232506,7.695000029173116e-05,1.269000004811005e-05,3.870000014671859e-06,0.0,0.0,0.0,0.0,0.0,0.0,0.0,0.0,0.0,0.0
Arizona,0.0094163753298168,0.0128368638133727,0.0070428166149358,0.003745438955376,0.0008789167092144827,0.00018208905951386147,2.83500001074799e-05,6.300000023884422e-07,0.0,8.328352972750741e-06,3.5100000133070357e-06,6.217764729455006e-06,9.27000003514422e-06,8.100000030708543e-07,5.400000020472362e-07,0.0,0.0,0.0,0.1003645013216761,0.0951239241253376,0.0512134304294533,0.0253709549197152,0.0090469450931221,0.0015340965940513,6.412305906663136e-05,3.150000011942211e-06,0.0,0.025089474801001,0.0285500831670619,0.0307341029400478,0.0202487711355902,0.004201439310046,0.0011825781221304,0.0002780170598775416,6.840000025931658e-05,2.700000010236181e-07,1.3170445253460916,1.2582347366525448,0.9344775790721828,0.286323464497268,0.0224785469087495,0.0029441085993969,4.482000016992061e-05,1.9890000075406533e-05,0.0,0.0253457305666784,0.0571716768049833,0.1764592090219295,0.4203438255935983,0.1574795483617388,0.0146397124084429,0.0003775178837841787,0.00013176000049952563,0.0,0.0078165000296337,0.0171248439472762,0.0411945940385289,0.0970541124855964,0.0613383605854858,0.0098296676843248,0.0009407325918017788,8.334000031595679e-05,0.0,0.0002687685892542437,0.00040941000155214624,0.0006886800026109086,0.0006667200025276543,0.00014697000055718945,2.2500000085301508e-05,0.0,0.0,0.0,0.0223993507908022,0.0137519315815477,0.0248947137414391,0.0161874830025461,0.0041706000158114,0.0007215300027354488,6.030000022860804e-06,3.6000000136482413e-07,0.0,0.0,0.0,0.0,0.0,0.0,0.0,0.0,0.0,0.0
California,1.7848588302961294e-05,2.0435294195120895e-05,2.657611774781362e-05,1.404000005322814e-05,3.240000012283417e-06,2.0700000078477387e-06,1.3500000051180905e-06,7.200000027296483e-07,3.6000000136482413e-07,3.757129426008653e-05,2.583000009792613e-05,2.7082235396791224e-05,1.8986470660216385e-05,1.314000004981608e-05,3.6000000136482413e-06,3.240000012283417e-06,4.3200000163778896e-06,3.6000000136482413e-07,0.0083972005024235,0.017265509006633,0.0142357292304407,0.0070718590856342,0.003731580014147,0.0018755562424046,0.0012966991813866,0.0008862889445365498,0.0006609600025058171,0.00011763000044595628,0.0006938100026303573,0.001155060004379,0.0007403400028067608,0.00018027000068343568,8.847000033540553e-05,0.0002211300008383432,3.5280000133752765e-05,6.669000025283367e-05,0.0965523540131059,0.4845475327781824,0.5192051112625168,0.091727888818345,0.0277587703405325,0.0154638995880381,0.0137091145225619,0.011737033809203,0.0061428879056417,0.5042095762644894,1.199767751960298,1.68226317955423,1.9318858259123584,0.9884137353943112,0.6830374977659873,0.4097512663769694,0.1034318693333051,0.0754728302861309,0.0647239650689094,0.1668530219266872,0.0774091389993541,0.06958120685203,0.0306367748220318,0.0254954026848929,0.0132971054621764,0.0066634729664388,0.0085111200322671,0.004240423780782,0.0153373433522642,0.0259670351572691,0.0079990200303257,0.0023907600090637,0.0009134170622864562,0.0012668551812734,0.0010199700038668,0.0006612300025068407,0.0015319902411021,0.0033651434245225,0.0017013840064502,0.0007017300026603834,0.00023825082443266308,0.0001043100003954578,7.479000028354221e-05,9.153000034700652e-05,5.922000022451357e-05,0.0,0.0,0.0,0.0,0.0,0.0,0.0,0.0,0.0
Oregon,9.198000034871257e-05,0.0006424228259649511,0.0012143820046039,0.0002445991773979073,9.225000034973618e-05,1.908000007233568e-05,5.310000020131156e-06,4.77000001808392e-06,2.250000008530151e-06,6.291458847381453e-05,0.00013194000050020804,0.0003370500012778166,0.0002070935301968932,0.00013671000051829196,0.00012339000046779347,0.00010197000038658643,4.059000015388392e-05,2.106000007984221e-05,0.0049409926069674,0.017623933125639,0.0255301966850248,0.0184555680699683,0.0180213378330279,0.0346725438961556,0.0420806902771824,0.005303010725987,0.0020210400076621,0.0005978820022666772,0.0031235117765476,0.0047328367238253,0.0009276748270463924,0.000353247530750989,0.0003919500014859522,0.0002142000008120704,6.336000024020905e-05,4.419000016753216e-05,0.0480292724173816,0.4006413209306673,0.4881890909096354,0.0620967450589492,0.0108560989823338,0.0151989057046805,0.0066623361429051,0.0030098093055283,0.00032580000123516584,0.0989306467280048,0.3238888544043908,1.420568678209158,1.6816242063753368,0.8696622174146915,0.9904873894021728,1.616734560835211,0.2050385301891022,0.0164366100623141,0.0322858162400483,0.0590880570475427,0.1063290148737004,0.1444542527829459,0.2155553069348556,0.4801304502908483,0.321934985455807,0.0275861778692899,0.0179586000680842,0.002834980246042,0.0041588446040022,0.0078533400297734,0.0079382700300953,0.008940780033896,0.0145724488787761,0.0106171045108395,0.0013878000052613,0.0008856900033578086,0.0021216028315727,0.0092382349762002,0.0039470107208461,0.000968716944849049,0.0004066888250712415,0.00025722000097516684,0.00022500000085301508,0.0001240200004701819,2.7360000103726637e-05,0.0,0.0,0.0,0.0,0.0,0.0,0.0,0.0,0.0
Washington,0.0007525909440296769,0.0027698643634422,0.0030025803643244,0.0013436950639177,0.00051632823725161,8.743129444911468e-05,0.00012870000048792465,1.2060000045721608e-05,6.9300000262728645e-06,9.73750591926956e-05,0.0003329100012621211,0.0006911449437967241,0.0007082078850378835,0.0004029300015275794,0.0002061938831346589,0.0002565000009724372,0.00011367000043094322,4.986000018902814e-05,0.0035230058957092,0.0185969485410925,0.0420951996890021,0.0479348041817293,0.0509825737226957,0.0709143849747314,0.1133393866649839,0.0273817409273384,0.0097449494487095,0.003325778836138,0.0098668814491718,0.011474276161148,0.0055548434328241,0.0023272609499995,0.0005612029433040909,0.0011238300042606,0.00016067435355032156,7.326000027774171e-05,0.0083555562669715,0.034478319307184,0.0606921394065652,0.022555516320806,0.0064688040245243,0.0034526594248543,0.0020682067137232,0.0008532000032346332,0.0002072809419623096,0.0418617781587054,0.2044199054808746,0.6088265588964052,0.8540341313554426,0.7792491442483901,0.8276070172552527,1.5926725772145758,0.4654374603527916,0.0641746400080033,0.0073404914395938,0.0330329390664102,0.0820351118404214,0.192562463671215,0.3101922932936413,0.4299676308065543,0.3976745828017728,0.0956615371861993,0.042581682867317,0.0006293378847388732,0.002834126834274,0.0065558643777956,0.0072942035570653,0.0062579287296072,0.0050497980191446,0.0052589622552317,0.0024633000093388,0.00151668000575,0.0007190703556673003,0.0024389340092464,0.0040642373095258,0.004663876958858,0.0022646714203504,0.0007340880027830584,0.0007817251794342477,0.0003015000011430402,0.00013905000052716332,0.0,0.0,0.0,0.0,0.0,0.0,0.0,0.0,0.0
Hawaii,0.0,0.0,0.0,0.0,0.0,0.0,0.0,0.0,0.0,0.0,0.0,0.0,0.0,0.0,0.0,0.0,0.0,0.0,0.0,0.0,0.0,0.0,0.0,0.0,0.0,0.0,0.0,0.0,0.0,0.0,0.0,0.0,0.0,0.0,0.0,0.0,0.0,0.0,0.0,0.0,0.0,0.0,0.0,0.0,0.0,0.0,0.0,0.0,0.0,0.0,0.0,0.0,0.0,0.0,0.0,0.0,0.0,0.0,0.0,0.0,0.0,0.0,0.0,0.0,0.0,0.0,0.0,0.0,0.0,0.0,0.0,0.0,0.0,0.0,0.0,0.0,0.0,0.0,0.0,0.0,0.0,0.0,0.0,0.0,0.0,0.0,0.0,0.0,0.0,0.0
Alaska,0.0,0.0,0.0,0.0,0.0,0.0,0.0,0.0,0.0,0.0,0.0,0.0,0.0,0.0,0.0,0.0,0.0,0.0,0.0,0.0,0.0,0.0,0.0,0.0,0.0,0.0,0.0,0.0,0.0,0.0,0.0,0.0,0.0,0.0,0.0,0.0,0.0,0.0,0.0,0.0,0.0,0.0,0.0,0.0,0.0,0.0,0.0,0.0,0.0,0.0,0.0,0.0,0.0,0.0,0.0,0.0,0.0,0.0,0.0,0.0,0.0,0.0,0.0,0.0,0.0,0.0,0.0,0.0,0.0,0.0,0.0,0.0,0.0,0.0,0.0,0.0,0.0,0.0,0.0,0.0,0.0,0.0,0.0,0.0,0.0,0.0,0.0,0.0,0.0,0.0
