country,threshold,area_Mha,region,subregion,FAO_2000_Mha,deviation_Mha,deviation_%
Afghanistan,10.0,0.4273046467966062,Near East,West Asia,1.209,-0.7816953532033939,53.47920327372346
Afghanistan,20.0,0.2876565348574036,Near East,West Asia,1.209,-0.9213434651425965,63.033142330138816
Afghanistan,30.0,0.2396366953683419,Near East,West Asia,1.209,-0.9693633046316582,66.31838989708822
Afghanistan,40.0,0.1919612607382973,Near East,West Asia,1.209,-1.0170387392617029,69.58007521899118
Afghanistan,50.0,0.1467591339859152,Near East,West Asia,1.209,-1.062240866014085,72.67255071483346
Albania,10.0,0.8515930154907698,Europe,Eastern Europe,0.769,0.0825930154907698,13.966598319938209
Albania,20.0,0.7611004456546243,Europe,Eastern Europe,0.769,-0.007899554345375703,1.3358260597800165
Albania,30.0,0.6529092441807116,Europe,Eastern Europe,0.769,-0.1160907558192884,19.631114635440685
Albania,40.0,0.5934204441450519,Europe,Eastern Europe,0.769,-0.1755795558549481,29.690756721350937
Albania,50.0,0.5373822825876876,Europe,Eastern Europe,0.769,-0.2316177174123124,39.166890852171925
Algeria,10.0,1.714722157987719,Near East,South/East Mediterranean,1.708,0.006722157987719024,0.2304267967423937
Algeria,20.0,1.4398615749623307,Near East,South/East Mediterranean,1.708,-0.26813842503766927,9.191435023970037
Algeria,30.0,1.2552056857575211,Near East,South/East Mediterranean,1.708,-0.45279431424247885,15.521197747014973
Algeria,40.0,1.1304150692137194,Near East,South/East Mediterranean,1.708,-0.5775849307862806,19.798857106737017
Algeria,50.0,0.8996510089250517,Near East,South/East Mediterranean,1.708,-0.8083489910749483,27.709147717688502
Andorra,10.0,0.0208315405835969,Europe,Western Europe,0.017,0.003831540583596898,1325.7925894798952
Andorra,20.0,0.0198687288111269,Europe,Western Europe,0.017,0.0028687288111268992,992.639727033529
Andorra,30.0,0.0190711451611527,Europe,Western Europe,0.017,0.0020711451611526988,716.6592253123524
Andorra,40.0,0.0183898493803496,Europe,Western Europe,0.017,0.0013898493803495976,480.916740605397
Andorra,50.0,0.0169039259161071,Europe,Western Europe,0.017,-9.607408389290112e-05,33.243627644602455
Angola,10.0,97.01306719950075,Africa,Southern Africa,76.013,21.000067199500748,0.3634502217605243
Angola,20.0,72.70029935900743,Africa,Southern Africa,76.013,-3.312700640992574,0.05733323475382049
Angola,30.0,55.29528891348889,Africa,Southern Africa,76.013,-20.717711086511116,0.35856345683226915
Angola,40.0,46.64943571427124,Africa,Southern Africa,76.013,-29.363564285728764,0.5081980857461851
Angola,50.0,31.9477566842792,Africa,Southern Africa,76.013,-44.06524331572081,0.7626414859953846
Antigua & Barbuda,10.0,0.0210149942690483,Americas,Caribbean,0.009,0.0120149942690483,14833.326258084324
Antigua & Barbuda,20.0,0.020051984069902,Americas,Caribbean,0.009,0.011051984069902,13644.424777656792
Antigua & Barbuda,30.0,0.0191981712293265,Americas,Caribbean,0.009,0.0101981712293265,12590.33485102037
Antigua & Barbuda,40.0,0.0181850873640111,Americas,Caribbean,0.009,0.009185087364011102,11339.614029643337
Antigua & Barbuda,50.0,0.017128657370137,Americas,Caribbean,0.009,0.008128657370137,10035.379469304939
Argentina,10.0,43.526131903287656,Americas,South America,53.442,-9.915868096712344,0.34718850330355877
Argentina,20.0,41.64014311864562,Americas,South America,53.442,-11.801856881354382,0.4132234300493338
Argentina,30.0,39.19875243953757,Americas,South America,53.442,-14.243247560462429,0.4987048793376533
Argentina,40.0,35.534607184966134,Americas,South America,53.442,-17.907392815033866,0.6269991541720757
Argentina,50.0,23.15532289191849,Americas,South America,53.442,-30.28667710808151,1.0604402955581205
Armenia,10.0,0.3904352705894211,Europe,Eastern Europe,0.333,0.057435270589421106,51.795282299796284
Armenia,20.0,0.3647241879021072,Europe,Eastern Europe,0.333,0.03172418790210718,28.60895841977759
Armenia,30.0,0.3417155587470388,Europe,Eastern Europe,0.333,0.008715558747038776,7.859714441503464
Armenia,40.0,0.3284367400224365,Europe,Eastern Europe,0.333,-0.004563259977563516,4.115160185017013
Armenia,50.0,0.2993558534942673,Europe,Eastern Europe,0.333,-0.03364414650573272,30.340382279335838
Australia,10.0,70.19580338522775,Asia and the Pacific,Pacific Region,132.907,-62.71119661477226,0.35501718616569333
Australia,20.0,51.07825048409508,Asia and the Pacific,Pacific Region,132.907,-81.82874951590493,0.4632444279296488
Australia,30.0,42.12558022496415,Asia and the Pacific,Pacific Region,132.907,-90.78141977503586,0.5139267936894701
Australia,40.0,35.93177980053465,Asia and the Pacific,Pacific Region,132.907,-96.97522019946535,0.548990796882719
Australia,50.0,25.65873774899396,Asia and the Pacific,Pacific Region,132.907,-107.24826225100605,0.6071479790029005
Austria,10.0,4.525449977725106,Europe,Western Europe,3.838,0.6874499777251062,4.666928651861477
Austria,20.0,4.430324522332322,Europe,Western Europe,3.838,0.5923245223323219,4.021145354634464
Austria,30.0,4.344282316643867,Europe,Western Europe,3.838,0.5062823166438672,3.437026003397277
Austria,40.0,4.271447695059162,Europe,Western Europe,3.838,0.43344769505916236,2.9425696889960706
Austria,50.0,4.11989201672049,Europe,Western Europe,3.838,0.2818920167204899,1.9136955010418695
Azerbaijan,10.0,1.4998208538670126,Near East,Central Asia,0.987,0.5128208538670126,52.64187773035404
Azerbaijan,20.0,1.402747691510975,Near East,Central Asia,0.987,0.4157476915109749,42.67716294718626
Azerbaijan,30.0,1.2725051151428797,Near East,Central Asia,0.987,0.2855051151428797,29.307554966631017
Azerbaijan,40.0,1.1978371259967553,Near East,Central Asia,0.987,0.2108371259967553,21.642766911773553
Azerbaijan,50.0,1.1129157253139648,Near East,Central Asia,0.987,0.12591572531396478,12.925449825847956
"Bahamas, The",10.0,0.3413132335837751,Americas,Caribbean,0.51,-0.16868676641622493,64.85458147490385
"Bahamas, The",20.0,0.3137929844240349,Americas,Caribbean,0.51,-0.1962070155759651,75.43522321259711
"Bahamas, The",30.0,0.2914922644171906,Americas,Caribbean,0.51,-0.2185077355828094,84.00912556048034
"Bahamas, The",40.0,0.2677811865204678,Americas,Caribbean,0.51,-0.24221881347953222,93.12526469801315
"Bahamas, The",50.0,0.2451034499255548,Americas,Caribbean,0.51,-0.26489655007444524,101.84411767568061
Bahrain,10.0,0.0,Near East,West Asia,0.001,-0.001,100000.0
Bahrain,20.0,0.0,Near East,West Asia,0.001,-0.001,100000.0
Bahrain,30.0,0.0,Near East,West Asia,0.001,-0.001,100000.0
Bahrain,40.0,0.0,Near East,West Asia,0.001,-0.001,100000.0
Bahrain,50.0,0.0,Near East,West Asia,0.001,-0.001,100000.0
Bangladesh,10.0,2.651751364917459,Asia and the Pacific,South Asia,1.92,0.731751364917459,19.85002617506128
Bangladesh,20.0,2.197522395478738,Asia and the Pacific,South Asia,1.92,0.277522395478738,7.528276787075143
Bangladesh,30.0,1.9291116962552377,Asia and the Pacific,South Asia,1.92,0.009111696255237778,0.24717057984043456
Bangladesh,40.0,1.8045661104696409,Asia and the Pacific,South Asia,1.92,-0.11543388953035905,3.131344659569202
Bangladesh,50.0,1.5082787312282715,Asia and the Pacific,South Asia,1.92,-0.41172126877172843,11.16865420930253
Barbados,10.0,0.006099691043378,Americas,Caribbean,0.006,9.969104337799982e-05,276.91956493888836
Barbados,20.0,0.0056124421099161,Americas,Caribbean,0.006,-0.0003875578900839,1076.5496946775
Barbados,30.0,0.005295561391826,Americas,Caribbean,0.006,-0.0007044386081739998,1956.7739115944441
Barbados,40.0,0.0049689612097093,Americas,Caribbean,0.006,-0.0010310387902906998,2863.9966396963882
Barbados,50.0,0.0046382862205412,Americas,Caribbean,0.006,-0.0013617137794588,3782.538276274445
Belarus,10.0,9.71750741851072,Europe,Eastern Europe,8.273,1.444507418510721,2.1105406822572568
Belarus,20.0,9.430437395091094,Europe,Eastern Europe,8.273,1.157437395091094,1.6911084555205347
Belarus,30.0,9.15668270446243,Europe,Eastern Europe,8.273,0.88368270446243,1.2911309932197714
Belarus,40.0,8.923199022213044,Europe,Eastern Europe,8.273,0.6501990222130445,0.949992689798246
Belarus,50.0,8.413156029549095,Europe,Eastern Europe,8.273,0.1401560295490949,0.20477915062006974
Belgium,10.0,0.9787014647237912,Europe,Western Europe,0.667,0.3117014647237911,70.06274929786781
Belgium,20.0,0.916358826555466,Europe,Western Europe,0.667,0.24935882655546593,56.04967229027149
Belgium,30.0,0.8662559293441341,Europe,Western Europe,0.667,0.19925592934413405,44.78778512036351
Belgium,40.0,0.8343529540926294,Europe,Western Europe,0.667,0.1673529540926294,37.61678847816633
Belgium,50.0,0.7779168288692296,Europe,Western Europe,0.667,0.1109168288692296,24.931348913825605
Belize,10.0,1.783887076284156,Americas,Caribbean,1.504,0.2798870762841561,12.373346443356551
Belize,20.0,1.7691417052870173,Americas,Caribbean,1.504,0.2651417052870173,11.721477889060788
Belize,30.0,1.7553250558454216,Americas,Caribbean,1.504,0.25132505584542164,11.110666584384091
Belize,40.0,1.7413527428965745,Americas,Caribbean,1.504,0.2373527428965745,10.492973652554822
Belize,50.0,1.7170894811355706,Americas,Caribbean,1.504,0.21308948113557058,9.42033483121121
Benin,10.0,8.978525507417544,Africa,West Africa,5.674,3.3045255074175435,10.26432620325906
Benin,20.0,1.70462332633696,Africa,West Africa,5.674,-3.9693766736630405,12.329448482280018
Benin,30.0,0.1693673293166799,Africa,West Africa,5.674,-5.50463267068332,17.098171956664967
Benin,40.0,0.046730542324744,Africa,West Africa,5.674,-5.627269457675256,17.479099258747908
Benin,50.0,0.0090377058268265,Africa,West Africa,5.674,-5.664962294173174,17.596178569672364
Bhutan,10.0,2.6781579133981985,Asia and the Pacific,South Asia,2.606,0.07215791339819866,1.0625151798317518
Bhutan,20.0,2.627216930801524,Asia and the Pacific,South Asia,2.606,0.021216930801524203,0.3124163377848186
Bhutan,30.0,2.5759412420343875,Asia and the Pacific,South Asia,2.606,-0.030058757965612415,0.4426110057964768
Bhutan,40.0,2.5158717009673084,Asia and the Pacific,South Asia,2.606,-0.09012829903269148,1.3271265942266104
Bhutan,50.0,2.365790468208461,Asia and the Pacific,South Asia,2.606,-0.24020953179153892,3.5370517501017336
Bolivia,10.0,66.52514088740632,Americas,South America,59.086,7.4391408874063245,0.21308535552240784
Bolivia,20.0,65.59842485121241,Americas,South America,59.086,6.512424851212415,0.18654067529259918
Bolivia,30.0,64.56653764980942,Americas,South America,59.086,5.4805376498094205,0.15698349194334804
Bolivia,40.0,62.90135141488771,Americas,South America,59.086,3.815351414887715,0.10928620992520596
Bolivia,50.0,57.50813126590632,Americas,South America,59.086,-1.577868734093677,0.045196175910746456
Bosnia & Herzegovina,10.0,2.9120025212667047,Europe,Eastern Europe,2.112,0.8000025212667046,17.935088663326816
Bosnia & Herzegovina,20.0,2.7888592481574084,Europe,Eastern Europe,2.112,0.6768592481574083,15.174365462091801
Bosnia & Herzegovina,30.0,2.670646623370591,Europe,Eastern Europe,2.112,0.5586466233705911,12.524181431022562
Bosnia & Herzegovina,40.0,2.59554240571961,Europe,Eastern Europe,2.112,0.4835424057196098,10.840435734287338
Bosnia & Herzegovina,50.0,2.4850794058705983,Europe,Eastern Europe,2.112,0.3730794058705982,8.363988918629614
Botswana,10.0,2.642043788490907,Africa,Southern Africa,15.728,-13.085956211509092,5.290033980642168
Botswana,20.0,0.2409189834639315,Africa,Southern Africa,15.728,-15.487081016536068,6.260695322087286
Botswana,30.0,0.0205591426725815,Africa,Southern Africa,15.728,-15.707440857327418,6.349776397013236
Botswana,40.0,0.008122108901946,Africa,Southern Africa,15.728,-15.719877891098054,6.354804102302911
Botswana,50.0,0.0013229667303201,Africa,Southern Africa,15.728,-15.726677033269679,6.3575526743251425
Brazil,10.0,548.4745129821171,Americas,South America,560.72,-12.245487017882965,0.003894789300502544
Brazil,20.0,533.3126712831902,Americas,South America,560.72,-27.407328716809843,0.008717151917739046
Brazil,30.0,519.4125962039997,Americas,South America,560.72,-41.30740379600036,0.013138198105248931
Brazil,40.0,503.6287570104367,Americas,South America,560.72,-57.09124298956334,0.018158392722430416
Brazil,50.0,475.3378955315959,Americas,South America,560.72,-85.38210446840412,0.02715656032726922
Brunei,10.0,0.5410706649550501,Asia and the Pacific,Southeast Asia,0.397,0.14407066495505005,91.41017642079451
Brunei,20.0,0.5388729714763454,Asia and the Pacific,Southeast Asia,0.397,0.14187297147634537,90.01578049244989
Brunei,30.0,0.5365885974656076,Asia and the Pacific,Southeast Asia,0.397,0.1395885974656076,88.56638736722368
Brunei,40.0,0.5347170557795531,Asia and the Pacific,Southeast Asia,0.397,0.13771705577955307,87.37892872840577
Brunei,50.0,0.5311636181976227,Asia and the Pacific,Southeast Asia,0.397,0.13416361819762268,85.1243382025282
Bulgaria,10.0,4.441633187261891,Europe,Eastern Europe,3.375,1.0666331872618908,9.364132233849247
Bulgaria,20.0,4.298219105149225,Europe,Eastern Europe,3.375,0.9232191051492249,8.105078563724334
Bulgaria,30.0,4.1144517619878,Europe,Eastern Europe,3.375,0.7394517619877998,6.4917575812372
Bulgaria,40.0,3.958659004943309,Europe,Eastern Europe,3.375,0.5836590049433088,5.124029673027677
Bulgaria,50.0,3.8329025723338823,Europe,Eastern Europe,3.375,0.4579025723338823,4.019995148061518
Burkina Faso,10.0,3.3821995975514616,Africa,West Africa,6.378,-2.9958004024485385,7.364509809188813
Burkina Faso,20.0,0.0163525901708222,Africa,West Africa,6.378,-6.361647409829178,15.638696995299032
Burkina Faso,30.0,0.00012696892027647732,Africa,West Africa,6.378,-6.377873031079724,15.678584080821203
Burkina Faso,40.0,2.9292540338134777e-05,Africa,West Africa,6.378,-6.377970707459662,15.678824196503674
Burkina Faso,50.0,5.876804614257811e-06,Africa,West Africa,6.378,-6.377994123195386,15.678881758888433
Burma,10.0,44.88369166157402,Asia and the Pacific,Southeast Asia,34.868,10.015691661574017,0.8238096434314126
Burma,20.0,43.78752745213029,Asia and the Pacific,Southeast Asia,34.868,8.91952745213029,0.7336480572886742
Burma,30.0,42.66772441720623,Asia and the Pacific,Southeast Asia,34.868,7.799724417206228,0.6415421328967058
Burma,40.0,41.71717335189354,Asia and the Pacific,Southeast Asia,34.868,6.8491733518935405,0.5633575041523011
Burma,50.0,39.59067935514697,Asia and the Pacific,Southeast Asia,34.868,4.7226793551469655,0.3884493380053885
Burundi,10.0,2.2839018064088394,Africa,East Africa,0.194,2.0899018064088395,5552.932847297374
Burundi,20.0,1.293251320053673,Africa,East Africa,0.194,1.099251320053673,2920.74428752703
Burundi,30.0,0.5366822051745025,Africa,East Africa,0.194,0.3426822051745025,910.5170718846383
Burundi,40.0,0.3175510539792622,Africa,East Africa,0.194,0.1235510539792622,328.27891906489054
Burundi,50.0,0.1410707177318337,Africa,East Africa,0.194,-0.05292928226816632,140.6347174730745
Cabo Verde,10.0,0.0111463880802676,Africa,West Africa,0.038,-0.0268536119197324,1859.6684154939335
Cabo Verde,20.0,0.0084337247282652,Africa,West Africa,0.038,-0.029566275271734797,2047.5259883472852
Cabo Verde,30.0,0.0073542591558555,Africa,West Africa,0.038,-0.0306457408441445,2122.2812218936633
Cabo Verde,40.0,0.0071129993371075,Africa,West Africa,0.038,-0.0308870006628925,2138.9889655742727
Cabo Verde,50.0,0.0037366388080049,Africa,West Africa,0.038,-0.0342633611919951,2372.808946814065
Cambodia,10.0,10.292989855229663,Asia and the Pacific,Southeast Asia,10.781,-0.4880101447703371,0.4198660487981554
Cambodia,20.0,9.484213064101096,Asia and the Pacific,Southeast Asia,10.781,-1.2967869358989041,1.11570796784394
Cambodia,30.0,8.811921866907674,Asia and the Pacific,Southeast Asia,10.781,-1.9690781330923262,1.6941226824401376
Cambodia,40.0,8.327958501593345,Asia and the Pacific,Southeast Asia,10.781,-2.4530414984066553,2.110507030460636
Cambodia,50.0,7.491060043854504,Asia and the Pacific,Southeast Asia,10.781,-3.2899399561454965,2.830543801133596
Cameroon,10.0,41.71439182286021,Africa,Central Africa,21.597,20.117391822860206,4.313053230382371
Cameroon,20.0,36.9435252842927,Africa,Central Africa,21.597,15.346525284292696,3.290206853621479
Cameroon,30.0,31.428053450627747,Africa,Central Africa,21.597,9.831053450627746,2.107721379423987
Cameroon,40.0,28.810345756347587,Africa,Central Africa,21.597,7.213345756347586,1.546499888764239
Cameroon,50.0,25.247377607578667,Africa,Central Africa,21.597,3.6503776075786654,0.7826199872784592
Canada,10.0,470.58910977718295,Americas,North America,360.305,110.28410977718295,0.08495175670762448
Canada,20.0,441.38005125883757,Americas,North America,360.305,81.07505125883756,0.06245204357648923
Canada,30.0,417.70445695080025,Americas,North America,360.305,57.39945695080024,0.04421475325761751
Canada,40.0,389.2726370236999,Americas,North America,360.305,28.967637023699865,0.022313746357512515
Canada,50.0,323.6437529292114,Americas,North America,360.305,-36.66124707078859,0.028240127685195307
Central African Rep,10.0,60.048535136391735,Africa,Central Africa,46.085,13.963535136391734,0.657470389870896
Central African Rep,20.0,54.94643036752058,Africa,Central Africa,46.085,8.861430367520576,0.4172387595003438
Central African Rep,30.0,47.07367835559164,Africa,Central Africa,46.085,0.9886783555916381,0.04655173189013235
Central African Rep,40.0,41.81942288129241,Africa,Central Africa,46.085,-4.26557711870759,0.2008438854392965
Central African Rep,50.0,30.78394677493149,Africa,Central Africa,46.085,-15.301053225068511,0.7204471740900916
Chad,10.0,13.103521128305031,Africa,West Africa,6.353,6.7505211283050315,16.725518508169763
Chad,20.0,1.8864281286651463,Africa,West Africa,6.353,-4.466571871334853,11.066661237284238
Chad,30.0,0.4087064422485289,Africa,West Africa,6.353,-5.944293557751471,14.727958038867728
Chad,40.0,0.1219882053456242,Africa,West Africa,6.353,-6.231011794654376,15.43834929412085
Chad,50.0,0.0072775535768749,Africa,West Africa,6.353,-6.3457224464231246,15.72256366702278
Chile,10.0,19.074887288859134,Americas,South America,17.425,1.6498872888591336,0.5433863230558951
Chile,20.0,18.494772605905546,Americas,South America,17.425,1.0697726059055448,0.3523269781846099
Chile,30.0,17.817709417438373,Americas,South America,17.425,0.39270941743837184,0.1293378813281341
Chile,40.0,17.318133717751753,Americas,South America,17.425,-0.10686628224824801,0.035196147374214316
Chile,50.0,16.447312973872,Americas,South America,17.425,-0.9776870261280024,0.3219988188371981
China,10.0,189.9461633179745,Asia and the Pacific,East Asia,177.001,12.945163317974504,0.04131959860251606
China,20.0,176.86947913231745,Asia and the Pacific,East Asia,177.001,-0.13152086768255344,0.00041980076473442586
China,30.0,163.01513146939067,Asia and the Pacific,East Asia,177.001,-13.985868530609338,0.04464142008853079
China,40.0,152.09822792412768,Asia and the Pacific,East Asia,177.001,-24.90277207587232,0.07948702700693237
China,50.0,131.52825809998268,Asia and the Pacific,East Asia,177.001,-45.472741900017326,0.14514420533077663
Colombia,10.0,84.43869856468667,Americas,South America,62.57,21.868698564686675,0.5585867482486848
Colombia,20.0,82.91458566146284,Americas,South America,62.57,20.344585661462837,0.5196567100455695
Colombia,30.0,81.78381692766175,Americas,South America,62.57,19.213816927661746,0.490773764489075
Colombia,40.0,80.63620087734935,Americas,South America,62.57,18.066200877349353,0.46146049210179413
Colombia,50.0,78.28876832312177,Americas,South America,62.57,15.718768323121772,0.4015006040764284
Comoros,10.0,0.1578897384297761,Africa,Indian Ocean Islands,0.043,0.11488973842977611,6213.6148420646905
Comoros,20.0,0.1507743948281532,Africa,Indian Ocean Islands,0.043,0.1077743948281532,5828.793662961233
Comoros,30.0,0.1344204703695275,Africa,Indian Ocean Islands,0.043,0.09142047036952751,4944.319652218903
Comoros,40.0,0.1271755002779604,Africa,Indian Ocean Islands,0.043,0.0841755002779604,4552.487846293154
Comoros,50.0,0.105721424794183,Africa,Indian Ocean Islands,0.043,0.06272142479418301,3392.1808974679843
Cook Is,10.0,0.0,Asia and the Pacific,Pacific Region,0.016,-0.016,6250.0
Cook Is,20.0,0.0,Asia and the Pacific,Pacific Region,0.016,-0.016,6250.0
Cook Is,30.0,0.0,Asia and the Pacific,Pacific Region,0.016,-0.016,6250.0
Cook Is,40.0,0.0,Asia and the Pacific,Pacific Region,0.016,-0.016,6250.0
Cook Is,50.0,0.0,Asia and the Pacific,Pacific Region,0.016,-0.016,6250.0
Costa Rica,10.0,4.103394841833626,Americas,Central America and Mexico,2.849,1.2543948418336255,15.454300799460594
Costa Rica,20.0,3.9939757347977767,Americas,Central America and Mexico,2.849,1.1449757347977765,14.106243762755504
Costa Rica,30.0,3.9126325205856713,Americas,Central America and Mexico,2.849,1.0636325205856711,13.104085225024873
Costa Rica,40.0,3.8323683299393303,Americas,Central America and Mexico,2.849,0.9833683299393301,12.115220392114209
Costa Rica,50.0,3.6828270778223136,Americas,Central America and Mexico,2.849,0.8338270778223134,10.272853527175464
Cote d'Ivoire,10.0,30.962141542701804,Africa,West Africa,6.163,24.799141542701804,65.29084839601504
Cote d'Ivoire,20.0,21.68633759119923,Africa,West Africa,6.163,15.52333759119923,40.86963573000875
Cote d'Ivoire,30.0,14.891121307397,Africa,West Africa,6.163,8.728121307397,22.979281120760948
Cote d'Ivoire,40.0,11.837578566932452,Africa,West Africa,6.163,5.6745785669324516,14.939954606368126
Cote d'Ivoire,50.0,6.377687765153452,Africa,West Africa,6.163,0.21468776515345134,0.565227078646132
Croatia,10.0,2.6529857989352865,Europe,Eastern Europe,1.885,0.7679857989352865,21.613767744381136
Croatia,20.0,2.536074010777688,Europe,Eastern Europe,1.885,0.6510740107776878,18.32346701314124
Croatia,30.0,2.4017113960512426,Europe,Eastern Europe,1.885,0.5167113960512426,14.542039866635031
Croatia,40.0,2.3136176991527297,Europe,Eastern Europe,1.885,0.42861769915272974,12.062779563712676
Croatia,50.0,2.202800558250423,Europe,Eastern Europe,1.885,0.3178005582504231,8.944003215400745
Cuba,10.0,4.363204979624317,Americas,Caribbean,2.699,1.6642049796243175,22.845520017147376
Cuba,20.0,4.159091311249117,Americas,Caribbean,2.699,1.4600913112491174,20.043531708176157
Cuba,30.0,3.988957519872256,Americas,Caribbean,2.699,1.2899575198722562,17.708005144993614
Cuba,40.0,3.8216424934659425,Americas,Caribbean,2.699,1.1226424934659427,15.411173425503232
Cuba,50.0,3.5853451881566105,Americas,Caribbean,2.699,0.8863451881566107,12.16738141398013
Cyprus,10.0,0.1812768912459349,Near East,South/East Mediterranean,0.172,0.00927689124593492,31.357798965437134
Cyprus,20.0,0.1510945986440077,Near East,South/East Mediterranean,0.172,-0.02090540135599228,70.66455298807558
Cyprus,30.0,0.1019960698023517,Near East,South/East Mediterranean,0.172,-0.07000393019764829,236.62767103044987
Cyprus,40.0,0.0919538375388516,Near East,South/East Mediterranean,0.172,-0.08004616246114839,270.57247992546104
Cyprus,50.0,0.06138013829779,Near East,South/East Mediterranean,0.172,-0.11061986170220998,373.9178667597688
Czechia,10.0,3.2563533024245808,Europe,Eastern Europe,2.865,0.39135330242458055,4.767818894152883
Czechia,20.0,3.169584913915568,Europe,Eastern Europe,2.865,0.30458491391556786,3.7107281283781552
Czechia,30.0,3.089204614083232,Europe,Eastern Europe,2.865,0.22420461408323167,2.731462820320248
Czechia,40.0,3.023166283275076,Europe,Eastern Europe,2.865,0.15816628327507587,1.9269243140274037
Czechia,50.0,2.886637193132332,Europe,Eastern Europe,2.865,0.02163719313233159,0.2636038014592873
Dem Rep of the Congo,10.0,227.77899756038997,Africa,Central Africa,153.79,73.98899756038998,0.31283184025901484
Dem Rep of the Congo,20.0,220.637565053718,Africa,Central Africa,153.79,66.847565053718,0.28263724989003064
Dem Rep of the Congo,30.0,199.28287239590628,Africa,Central Africa,153.79,45.49287239590629,0.19234777412228116
Dem Rep of the Congo,40.0,186.1948429942076,Africa,Central Africa,153.79,32.4048429942076,0.13701046103386316
Dem Rep of the Congo,50.0,164.48624254578357,Africa,Central Africa,153.79,10.696242545783576,0.04522463271276424
Denmark,10.0,0.7573104750323493,Europe,Western Europe,0.572,0.18531047503234932,56.6380003399767
Denmark,20.0,0.7024464199481856,Europe,Western Europe,0.572,0.13044641994818562,39.86943736496456
Denmark,30.0,0.6577865735474716,Europe,Western Europe,0.572,0.08578657354747166,26.219672584072473
Denmark,40.0,0.6213305275131107,Europe,Western Europe,0.572,0.049330527513110733,15.07730436485609
Denmark,50.0,0.5565937798646963,Europe,Western Europe,0.572,-0.015406220135303683,4.708732742219572
Djibouti,10.0,1.4094478962019376e-05,Africa,East Africa,0.006,-0.005985905521037981,16627.515336216613
Djibouti,20.0,7.004596435546874e-07,Africa,East Africa,0.006,-0.005999299540356446,16664.72094543457
Djibouti,30.0,8.74137451171875e-08,Africa,East Africa,0.006,-0.005999912586254883,16666.423850708008
Djibouti,40.0,8.74137451171875e-08,Africa,East Africa,0.006,-0.005999912586254883,16666.423850708008
Djibouti,50.0,8.74137451171875e-08,Africa,East Africa,0.006,-0.005999912586254883,16666.423850708008
Dominica,10.0,0.068211894931025,Americas,Caribbean,0.059,0.009211894931025005,264.633580322465
Dominica,20.0,0.067729464598733,Americas,Caribbean,0.059,0.008729464598733,250.77462219859234
Dominica,30.0,0.0674651323436856,Americas,Caribbean,0.059,0.008465132343685608,243.1810498042404
Dominica,40.0,0.0672386827469819,Americas,Caribbean,0.059,0.008238682746981904,236.67574682510502
Dominica,50.0,0.0667986625749816,Americas,Caribbean,0.059,0.007798662574981602,224.03512137264013
Dominican Republic,10.0,2.87654142740527,Americas,Caribbean,2.166,0.7105414274052699,15.14511235516042
Dominican Republic,20.0,2.7142655416486807,Americas,Caribbean,2.166,0.5482655416486808,11.686219702987257
Dominican Republic,30.0,2.5892976110730683,Americas,Caribbean,2.166,0.4232976110730684,9.022542011074117
Dominican Republic,40.0,2.459856725304085,Americas,Caribbean,2.166,0.29385672530408513,6.263523771304981
Dominican Republic,50.0,2.2441254470623204,Americas,Caribbean,2.166,0.0781254470623205,1.6652353091878367
Ecuador,10.0,19.74826986634348,Americas,South America,13.731,6.017269866343481,3.1915022515224107
Ecuador,20.0,19.345404911877083,Americas,South America,13.731,5.614404911877083,2.9778265418071848
Ecuador,30.0,19.02725972691449,Americas,South America,13.731,5.29625972691449,2.809085385656226
Ecuador,40.0,18.67868420653561,Americas,South America,13.731,4.947684206535611,2.62420427132608
Ecuador,50.0,17.91872752793148,Americas,South America,13.731,4.1877275279314805,2.221130534449057
Egypt,10.0,0.955950617918848,Near East,South/East Mediterranean,0.004,0.9519506179188479,5949691.3619928
Egypt,20.0,0.6866310461235989,Near East,South/East Mediterranean,0.004,0.6826310461235989,4266444.0382724935
Egypt,30.0,0.1544421165492096,Near East,South/East Mediterranean,0.004,0.1504421165492096,940263.22843256
Egypt,40.0,0.0746156654138128,Near East,South/East Mediterranean,0.004,0.0706156654138128,441347.90883632994
Egypt,50.0,0.0149556974174151,Near East,South/East Mediterranean,0.004,0.0109556974174151,68473.10885884437
El Salvador,10.0,1.1462031183210672,Americas,Central America and Mexico,0.706,0.4402031183210673,88.3168788612916
El Salvador,20.0,1.0677770445213126,Americas,Central America and Mexico,0.706,0.36177704452131265,72.5824467978462
El Salvador,30.0,1.0030325030288163,Americas,Central America and Mexico,0.706,0.29703250302881634,59.59290721954601
El Salvador,40.0,0.9459801560519968,Americas,Central America and Mexico,0.706,0.23998015605199685,48.14663388117971
El Salvador,50.0,0.8109761995330804,Americas,Central America and Mexico,0.706,0.10497619953308046,21.06111908712061
Equatorial Guinea,10.0,2.660897478292477,Africa,Central Africa,2.616,0.04489747829247692,0.6560643963003038
Equatorial Guinea,20.0,2.6561343977647374,Africa,Central Africa,2.616,0.04013439776473726,0.5864638826455122
Equatorial Guinea,30.0,2.648530734376626,Africa,Central Africa,2.616,0.03253073437662568,0.4753553522755999
Equatorial Guinea,40.0,2.643847510552789,Africa,Central Africa,2.616,0.02784751055278889,0.40692174469725373
Equatorial Guinea,50.0,2.627538273221824,Africa,Central Africa,2.616,0.011538273221824102,0.16860301610508055
Eritrea,10.0,0.0016488128279991,Africa,East Africa,1.592,-1.590351187172001,62.74901467024194
Eritrea,20.0,8.827301730957013e-05,Africa,East Africa,1.592,-1.5919117269826906,62.810587445025476
Eritrea,30.0,4.404414270019531e-06,Africa,East Africa,1.592,-1.5919955955857301,62.81389657086193
Eritrea,40.0,2.5932994018554686e-06,Africa,East Africa,1.592,-1.5919974067005982,62.8139680303448
Eritrea,50.0,2.3341256835937497e-06,Africa,East Africa,1.592,-1.5919976658743165,62.81397825632229
Estonia,10.0,2.77490262232247,Europe,Eastern Europe,2.239,0.5359026223224701,10.689999749107795
Estonia,20.0,2.695294670287834,Europe,Eastern Europe,2.239,0.4562946702878343,9.102007916581993
Estonia,30.0,2.633596566626709,Europe,Eastern Europe,2.239,0.39459656662670906,7.871275531284984
Estonia,40.0,2.5766920433452323,Europe,Eastern Europe,2.239,0.3376920433452324,6.736163825793002
Estonia,50.0,2.4599161288519484,Europe,Eastern Europe,2.239,0.22091612885194856,4.4067583617460775
Ethiopia,10.0,31.85175443750785,Africa,East Africa,27.809,4.042754437507849,0.5227651386204686
Ethiopia,20.0,19.95274085485958,Africa,East Africa,27.809,-7.85625914514042,1.015886189609725
Ethiopia,30.0,12.04297915189422,Africa,East Africa,27.809,-15.76602084810578,2.038690749476721
Ethiopia,40.0,8.967809187573568,Africa,East Africa,27.809,-18.841190812426433,2.436338362639836
Ethiopia,50.0,5.432107216723453,Africa,East Africa,27.809,-22.37689278327655,2.893536977961011
Fed States of Micronesia,10.0,0.0039021389510254,Asia and the Pacific,Pacific Region,0.064,-0.060097861048974605,1467.2329357659814
Fed States of Micronesia,20.0,0.003831921493743,Asia and the Pacific,Pacific Region,0.064,-0.060168078506257,1468.947229156665
Fed States of Micronesia,30.0,0.0037332453725715,Asia and the Pacific,Pacific Region,0.064,-0.060266754627428504,1471.3563141462037
Fed States of Micronesia,40.0,0.0036539282340945,Asia and the Pacific,Pacific Region,0.064,-0.0603460717659055,1473.2927677223022
Fed States of Micronesia,50.0,0.0035969262407921,Asia and the Pacific,Pacific Region,0.064,-0.0604030737592079,1474.6844179494115
Fiji,10.0,1.6311965067324117,Asia and the Pacific,Pacific Region,1.006,0.6251965067324117,61.776113372687504
Fiji,20.0,1.5856425397591594,Asia and the Pacific,Pacific Region,1.006,0.5796425397591594,57.27489335944169
Fiji,30.0,1.5406702383927635,Asia and the Pacific,Pacific Region,1.006,0.5346702383927635,52.831148140260176
Fiji,40.0,1.4697082038774028,Asia and the Pacific,Pacific Region,1.006,0.46370820387740275,45.81933882563493
Fiji,50.0,1.386843127583253,Asia and the Pacific,Pacific Region,1.006,0.3808431275832529,37.631381451178896
Finland,10.0,22.63564851102299,Europe,Western Europe,22.446,0.18964851102298752,0.03764189857195529
Finland,20.0,22.013805049406223,Europe,Western Europe,22.446,-0.43219495059377877,0.08578310689499855
Finland,30.0,21.464044639455707,Europe,Western Europe,22.446,-0.9819553605442941,0.19490089262718133
Finland,40.0,20.523649969392626,Europe,Western Europe,22.446,-1.922350030607376,0.38155271813943764
Finland,50.0,18.158943927625245,Europe,Western Europe,22.446,-4.287056072374757,0.8509053352338496
France,10.0,18.408277294672303,Europe,Western Europe,15.288,3.1202772946723023,1.335032513826414
France,20.0,17.663135287974836,Europe,Western Europe,15.288,2.3751352879748353,1.0162182827779354
France,30.0,16.81057883194899,Europe,Western Europe,15.288,1.5225788319489908,0.6514460266036144
France,40.0,16.247884778822783,Europe,Western Europe,15.288,0.9598847788227829,0.4106934314599352
France,50.0,15.28956830589337,Europe,Western Europe,15.288,0.0015683058933699812,0.0006710106703815869
Gabon,10.0,25.76152717455369,Africa,Central Africa,23.702,2.05952717455369,0.3666042868887727
Gabon,20.0,25.08852464275288,Africa,Central Africa,23.702,1.3865246427528781,0.24680707503666796
Gabon,30.0,24.55381792019013,Africa,Central Africa,23.702,0.851817920190129,0.15162708462832128
Gabon,40.0,24.36545746143841,Africa,Central Africa,23.702,0.6634574614384086,0.11809815016612811
Gabon,50.0,24.06642894065651,Africa,Central Africa,23.702,0.3644289406565093,0.06486984661416888
"Gambia, The",10.0,0.4649832556191667,Africa,West Africa,0.358,0.10698325561916672,83.47371775160475
"Gambia, The",20.0,0.0781685625333358,Africa,West Africa,0.358,-0.27983143746666417,218.33856423540482
"Gambia, The",30.0,0.0045776946902747,Africa,West Africa,0.358,-0.3534223053097253,275.75786126347907
"Gambia, The",40.0,0.000571059000236937,Africa,West Africa,0.358,-0.357428940999763,278.88403997984074
"Gambia, The",50.0,3.648192939453125e-05,Africa,West Africa,0.358,-0.35796351807060545,279.301143902036
Georgia,10.0,3.37125693900402,Europe,Eastern Europe,3.039,0.33225693900402,3.5975982189204045
Georgia,20.0,3.2605039345103477,Europe,Eastern Europe,3.039,0.22150393451034756,2.3983913253009503
Georgia,30.0,3.1482027505070915,Europe,Eastern Europe,3.039,0.10920275050709138,1.1824211163299978
Georgia,40.0,3.0756966479139227,Europe,Eastern Europe,3.039,0.036696647913922575,0.39734247709384857
Georgia,50.0,2.957247600639446,Europe,Eastern Europe,3.039,-0.08175239936055423,0.8851953166535405
Germany,10.0,13.50044515546396,Europe,Western Europe,11.354,2.1464451554639616,1.6650298216391874
Germany,20.0,12.960882558746452,Europe,Western Europe,11.354,1.6068825587464524,1.2464829922972833
Germany,30.0,12.54438342491044,Europe,Western Europe,11.354,1.19038342491044,0.9233983438223249
Germany,40.0,12.252907088037942,Europe,Western Europe,11.354,0.8989070880379426,0.6972957611593381
Germany,50.0,11.71529854894616,Europe,Western Europe,11.354,0.3612985489461611,0.28026472373587935
Ghana,10.0,18.47719098134672,Africa,West Africa,6.163,12.31419098134672,32.420637428044216
Ghana,20.0,9.723525591484702,Africa,West Africa,6.163,3.5605255914847014,9.374104188383626
Ghana,30.0,6.960560269821585,Africa,West Africa,6.163,0.7975602698215845,2.0998060184438403
Ghana,40.0,6.176927153910162,Africa,West Africa,6.163,0.01392715391016175,0.036667224668667744
Ghana,50.0,4.259902962299736,Africa,West Africa,6.163,-1.903097037700264,5.0104484446543465
Greece,10.0,4.791333374720248,Europe,Western Europe,3.709,1.0823333747202475,7.8676926121951025
Greece,20.0,4.330438647469004,Europe,Western Europe,3.709,0.6214386474690037,4.5173588561732565
Greece,30.0,3.66215163834696,Europe,Western Europe,3.709,-0.04684836165304018,0.3405498873822849
Greece,40.0,3.3263476021856624,Europe,Western Europe,3.709,-0.3826523978143377,2.7815749875594094
Greece,50.0,2.953515003875569,Europe,Western Europe,3.709,-0.755484996124431,5.49176793533579
Grenada,10.0,0.0285255783541595,Americas,Caribbean,0.018,0.010525578354159501,3248.635294493674
Grenada,20.0,0.0279859827359031,Americas,Caribbean,0.018,0.0099859827359031,3082.09343700713
Grenada,30.0,0.0276196525561621,Americas,Caribbean,0.018,0.009619652556162102,2969.0285667166986
Grenada,40.0,0.0272706412985835,Americas,Caribbean,0.018,0.009270641298583501,2861.3090427726856
Grenada,50.0,0.0267900661533445,Americas,Caribbean,0.018,0.008790066153344503,2712.983380661884
Guatemala,10.0,8.27427034077531,Americas,Central America and Mexico,4.227,4.0472703407753094,22.651539229488918
Guatemala,20.0,7.967822746476242,Americas,Central America and Mexico,4.227,3.7408227464762414,20.936430249959244
Guatemala,30.0,7.692366573224124,Americas,Central America and Mexico,4.227,3.4653665732241237,19.394772344984712
Guatemala,40.0,7.442226544180944,Americas,Central America and Mexico,4.227,3.2152265441809433,17.994802438439823
Guatemala,50.0,6.947300565383201,Americas,Central America and Mexico,4.227,2.7203005653832006,15.22482804076154
Guinea,10.0,22.58437737167438,Africa,West Africa,6.532,16.05237737167438,37.622444376890165
Guinea,20.0,14.837502436329634,Africa,West Africa,6.532,8.305502436329634,19.465858308584245
Guinea,30.0,8.11818536019128,Africa,West Africa,6.532,1.5861853601912799,3.717590803125336
Guinea,40.0,5.190689637635946,Africa,West Africa,6.532,-1.3413103623640543,3.1436698335558964
Guinea,50.0,2.1403491944848456,Africa,West Africa,6.532,-4.391650805515154,10.292845372846147
Guinea-Bissau,10.0,2.9184107806012283,Africa,West Africa,2.207,0.7114107806012284,14.605478030651916
Guinea-Bissau,20.0,2.1622802136820445,Africa,West Africa,2.207,-0.04471978631795537,0.9181107096104884
Guinea-Bissau,30.0,1.0563585266454052,Africa,West Africa,2.207,-1.1506414733545947,23.62301671340242
Guinea-Bissau,40.0,0.7295235099524018,Africa,West Africa,2.207,-1.477476490047598,30.333038245439315
Guinea-Bissau,50.0,0.3034384728297746,Africa,West Africa,2.207,-1.9035615271702253,39.0806926507109
Guyana,10.0,19.14907212625884,Americas,Caribbean,18.564,0.5850721262588401,0.16977208746906353
Guyana,20.0,19.115113554315855,Americas,Caribbean,18.564,0.5511135543158545,0.15991822947877796
Guyana,30.0,19.078828022489,Americas,Caribbean,18.564,0.5148280224889987,0.14938915074354336
Guyana,40.0,19.03775273124713,Americas,Caribbean,18.564,0.47375273124713146,0.137470213531268
Guyana,50.0,18.98073655210052,Americas,Caribbean,18.564,0.4167365521005202,0.12092566232332362
Haiti,10.0,1.0705602951213262,Americas,Caribbean,0.384,0.6865602951213262,465.6034987530695
Haiti,20.0,0.9522538650747844,Americas,Caribbean,0.384,0.5682538650747844,385.3718160500653
Haiti,30.0,0.8594662944964381,Americas,Caribbean,0.384,0.47546629449643807,322.4462175133179
Haiti,40.0,0.7749265063681186,Americas,Caribbean,0.384,0.39092650636811854,265.1140044271637
Haiti,50.0,0.6560014781833147,Americas,Caribbean,0.384,0.27200147818331466,184.46280801277305
Honduras,10.0,8.442419309895413,Americas,Central America and Mexico,7.129,1.3134193098954139,2.5843192798568144
Honduras,20.0,8.073086124847872,Americas,Central America and Mexico,7.129,0.9440861248478729,1.8576093376333456
Honduras,30.0,7.732540993535224,Americas,Central America and Mexico,7.129,0.6035409935352245,1.1875435468519329
Honduras,40.0,7.419143306043069,Americas,Central America and Mexico,7.129,0.2901433060430696,0.5708937991692907
Honduras,50.0,6.694701501964687,Americas,Central America and Mexico,7.129,-0.4342984980353126,0.8545374452998472
Hungary,10.0,2.2347429970088983,Europe,Eastern Europe,1.921,0.3137429970088983,8.501964966756868
Hungary,20.0,2.1216155708537823,Europe,Eastern Europe,1.921,0.20061557085378223,5.436381278452606
Hungary,30.0,1.9932662315639895,Europe,Eastern Europe,1.921,0.07226623156398948,1.9583065594900029
Hungary,40.0,1.913163808527256,Europe,Eastern Europe,1.921,-0.007836191472744058,0.21234904367340937
Hungary,50.0,1.8017408729037356,Europe,Eastern Europe,1.921,-0.1192591270962644,3.231743593338874
Iceland,10.0,0.0,Europe,Western Europe,0.032,-0.032,3125.0
Iceland,20.0,0.0,Europe,Western Europe,0.032,-0.032,3125.0
Iceland,30.0,0.0,Europe,Western Europe,0.032,-0.032,3125.0
Iceland,40.0,0.0,Europe,Western Europe,0.032,-0.032,3125.0
Iceland,50.0,0.0,Europe,Western Europe,0.032,-0.032,3125.0
India,10.0,49.36501844922756,Asia and the Pacific,South Asia,67.591,-18.22598155077243,0.3989451435553213
India,20.0,44.01924380000487,Asia and the Pacific,South Asia,67.591,-23.57175619999512,0.5159578174081684
India,30.0,38.86934601698488,Asia and the Pacific,South Asia,67.591,-28.721653983015116,0.6286829787180717
India,40.0,35.59780396096118,Asia and the Pacific,South Asia,67.591,-31.993196039038814,0.7002931584799583
India,50.0,30.41001816392262,Asia and the Pacific,South Asia,67.591,-37.18098183607738,0.8138476435302352
Indonesia,10.0,163.62522511761702,Asia and the Pacific,Southeast Asia,91.959,71.66622511761702,0.8474733490198496
Indonesia,20.0,161.51622291446608,Asia and the Pacific,Southeast Asia,91.959,69.55722291446608,0.8225338024306266
Indonesia,30.0,159.16298163850212,Asia and the Pacific,Southeast Asia,91.959,67.20398163850211,0.7947060598375164
Indonesia,40.0,157.33993899512515,Asia and the Pacific,Southeast Asia,91.959,65.38093899512515,0.7731480657914634
Indonesia,50.0,153.6425946997117,Asia and the Pacific,Southeast Asia,91.959,61.683594699711705,0.7294259254475147
Iran,10.0,2.015430066780856,Near East,West Asia,10.751,-8.735569933219143,7.557767387909633
Iran,20.0,1.8712635605830736,Near East,West Asia,10.751,-8.879736439416925,7.682496160880368
Iran,30.0,1.7457020702110746,Near East,West Asia,10.751,-9.005297929788926,7.791128401749068
Iran,40.0,1.674045944880085,Near East,West Asia,10.751,-9.076954055119915,7.853123249401893
Iran,50.0,1.5491336690221604,Near East,West Asia,10.751,-9.20186633097784,7.9611938082830696
Iraq,10.0,0.0384536335424743,Near East,West Asia,0.818,-0.7795463664575256,116.50252665537715
Iraq,20.0,0.0270832717309953,Near East,West Asia,0.818,-0.7909167282690046,118.20181734162945
Iraq,30.0,0.0171912572155204,Near East,West Asia,0.818,-0.8008087427844796,119.68017030990963
Iraq,40.0,0.0148511695911941,Near East,West Asia,0.818,-0.8031488304088058,120.0298943706706
Iraq,50.0,0.0064584160801257,Near East,West Asia,0.818,-0.8115415839198743,121.28418408544222
Ireland,10.0,1.101944458189959,Europe,Western Europe,0.63,0.4719444581899589,118.90764882589038
Ireland,20.0,0.9360040852159917,Europe,Western Europe,0.63,0.30600408521599165,77.09853494985933
Ireland,30.0,0.8369722356845031,Europe,Western Europe,0.63,0.20697223568450307,52.14719971894761
Ireland,40.0,0.7557556183864985,Europe,Western Europe,0.63,0.1257556183864985,31.68445915507647
Ireland,50.0,0.6366526489579291,Europe,Western Europe,0.63,0.006652648957929053,1.6761524207430216
Israel,10.0,0.04806924267715974,Near East,South/East Mediterranean,0.153,-0.10493075732284025,448.24963613499193
Israel,20.0,0.03880617650496506,Near East,South/East Mediterranean,0.153,-0.11419382349503493,487.82016957168156
Israel,30.0,0.028112184963842008,Near East,South/East Mediterranean,0.153,-0.12488781503615799,533.503417643462
Israel,40.0,0.023570882375292774,Near East,South/East Mediterranean,0.153,-0.1294291176247072,552.9032321957675
Israel,50.0,0.017030014621842542,Near East,South/East Mediterranean,0.153,-0.13596998537815747,580.8449116927569
Italy,10.0,10.499592767835924,Europe,Western Europe,8.369,2.1305927678359247,3.0419586954346447
Italy,20.0,10.015451928526833,Europe,Western Europe,8.369,1.646451928526833,2.3507255052238287
Italy,30.0,9.318723599006246,Europe,Western Europe,8.369,0.949723599006246,1.355970039826502
Italy,40.0,8.898341711967804,Europe,Western Europe,8.369,0.5293417119678043,0.7557688394916803
Italy,50.0,8.378825068263737,Europe,Western Europe,8.369,0.00982506826373708,0.014027763676524217
Jamaica,10.0,0.808763727604931,Americas,Caribbean,0.521,0.28776372760493096,106.01336113738564
Jamaica,20.0,0.785521624423632,Americas,Caribbean,0.521,0.26452162442363203,97.45087308978084
Jamaica,30.0,0.7691417402987553,Americas,Caribbean,0.521,0.24814174029875524,91.41645525132725
Jamaica,40.0,0.7542063734905129,Americas,Caribbean,0.521,0.23320637349051287,85.91420363560142
Jamaica,50.0,0.7303860534056252,Americas,Caribbean,0.521,0.20938605340562522,77.1386980616875
Japan,10.0,27.57113739558299,Asia and the Pacific,East Asia,24.876,2.6951373955829894,0.4355317434101684
Japan,20.0,27.069841928320752,Asia and the Pacific,East Asia,24.876,2.193841928320751,0.35452285340769407
Japan,30.0,26.65229482502317,Asia and the Pacific,East Asia,24.876,1.776294825023168,0.28704762258899785
Japan,40.0,26.372155027171477,Asia and the Pacific,East Asia,24.876,1.4961550271714756,0.24177728692563633
Japan,50.0,25.83932918675791,Asia and the Pacific,East Asia,24.876,0.9633291867579103,0.15567311739808973
Jordan,10.0,0.0041652013546876,Near East,South/East Mediterranean,0.071,-0.06683479864531239,1325.8242143485895
Jordan,20.0,0.003360313345949,Near East,South/East Mediterranean,0.071,-0.067639686654051,1341.7910464997226
Jordan,30.0,0.0023137956205726,Near East,South/East Mediterranean,0.071,-0.06868620437942739,1362.551168010859
Jordan,40.0,0.0021292810665037,Near East,South/East Mediterranean,0.071,-0.06887071893349629,1366.2114448223826
Jordan,50.0,0.0015395667241088,Near East,South/East Mediterranean,0.071,-0.06946043327589119,1377.9098051158737
Kazakhstan,10.0,5.967873849657345,Near East,Central Asia,3.157,2.8108738496573453,28.202797647005983
Kazakhstan,20.0,4.91674817258758,Near East,Central Asia,3.157,1.7597481725875799,17.656367477048505
Kazakhstan,30.0,4.227921478101633,Near East,Central Asia,3.157,1.0709214781016332,10.745050599269955
Kazakhstan,40.0,3.8268276290144,Near East,Central Asia,3.157,0.6698276290143999,6.720690464913531
Kazakhstan,50.0,3.1350419562800163,Near East,Central Asia,3.157,-0.021958043719983777,0.22031521045823704
Kenya,10.0,11.073128283851348,Africa,East Africa,3.816,7.2571282838513484,49.83656124501814
Kenya,20.0,5.202348890919246,Africa,East Africa,3.816,1.3863488909192458,9.520413406912184
Kenya,30.0,3.30741245460307,Africa,East Africa,3.816,-0.5085875453969297,3.4926011175837046
Kenya,40.0,2.758546289606725,Africa,East Africa,3.816,-1.0574537103932746,7.261805846681046
Kenya,50.0,1.8838807398251427,Africa,East Africa,3.816,-1.9321192601748571,13.268358512643285
Kiribati,10.0,0.0,Asia and the Pacific,Pacific Region,0.001,-0.001,100000.0
Kiribati,20.0,0.0,Asia and the Pacific,Pacific Region,0.001,-0.001,100000.0
Kiribati,30.0,0.0,Asia and the Pacific,Pacific Region,0.001,-0.001,100000.0
Kiribati,40.0,0.0,Asia and the Pacific,Pacific Region,0.001,-0.001,100000.0
Kiribati,50.0,0.0,Asia and the Pacific,Pacific Region,0.001,-0.001,100000.0
"Korea, North",10.0,5.865169649224272,Asia and the Pacific,East Asia,7.455,-1.5898303507757277,2.8605891567166966
"Korea, North",20.0,5.5229711271970325,Asia and the Pacific,East Asia,7.455,-1.9320288728029675,3.476308551605574
"Korea, North",30.0,5.190666107474213,Asia and the Pacific,East Asia,7.455,-2.264333892525787,4.074226521707104
"Korea, North",40.0,4.842104529395031,Asia and the Pacific,East Asia,7.455,-2.612895470604969,4.701394992993902
"Korea, North",50.0,4.093025477939867,Asia and the Pacific,East Asia,7.455,-3.361974522060133,6.049216420022721
"Korea, South",10.0,5.719119022932742,Asia and the Pacific,East Asia,6.476,-0.756880977067258,1.804736949264224
"Korea, South",20.0,5.54129206537697,Asia and the Pacific,East Asia,6.476,-0.93470793462303,2.2287545829477615
"Korea, South",30.0,5.320994491581206,Asia and the Pacific,East Asia,6.476,-1.1550055084187942,2.7540408344307976
"Korea, South",40.0,5.088252410965169,Asia and the Pacific,East Asia,6.476,-1.3877475890348308,3.309000260368475
"Korea, South",50.0,4.479341450430525,Asia and the Pacific,East Asia,6.476,-1.9966585495694753,4.760911647475764
Kuwait,10.0,0.0,Near East,West Asia,0.005,-0.005,20000.0
Kuwait,20.0,0.0,Near East,West Asia,0.005,-0.005,20000.0
Kuwait,30.0,0.0,Near East,West Asia,0.005,-0.005,20000.0
Kuwait,40.0,0.0,Near East,West Asia,0.005,-0.005,20000.0
Kuwait,50.0,0.0,Near East,West Asia,0.005,-0.005,20000.0
Kyrgyzstan,10.0,1.0204852856123576,Near East,Central Asia,1.181,-0.16051471438764242,11.508402829419694
Kyrgyzstan,20.0,0.8187736118180158,Near East,Central Asia,1.181,-0.36222638818198427,25.970498757993965
Kyrgyzstan,30.0,0.6812759040662826,Near East,Central Asia,1.181,-0.49972409593371747,35.82865422346319
Kyrgyzstan,40.0,0.5933251484220274,Near East,Central Asia,1.181,-0.5876748515779726,42.134448237222905
Kyrgyzstan,50.0,0.4326953556910872,Near East,Central Asia,1.181,-0.7483046443089129,53.651101823818756
Laos,10.0,19.807031370234675,Asia and the Pacific,Southeast Asia,14.05,5.7570313702346745,2.9163923305098334
Laos,20.0,19.470140973974924,Asia and the Pacific,Southeast Asia,14.05,5.420140973974924,2.7457306639859795
Laos,30.0,19.126751591955927,Asia and the Pacific,Southeast Asia,14.05,5.076751591955926,2.571776746472778
Laos,40.0,18.82223658151496,Asia and the Pacific,Southeast Asia,14.05,4.77223658151496,2.4175157769100997
Laos,50.0,18.126165657681582,Asia and the Pacific,Southeast Asia,14.05,4.076165657681582,2.0649007270331334
Latvia,10.0,3.720049751880107,Europe,Eastern Europe,3.241,0.4790497518801069,4.5606060337892185
Latvia,20.0,3.627104463920186,Europe,Eastern Europe,3.241,0.3861044639201858,3.6757567265540483
Latvia,30.0,3.5456802267561214,Europe,Eastern Europe,3.241,0.3046802267561213,2.900589083006131
Latvia,40.0,3.4694625801556787,Europe,Eastern Europe,3.241,0.22846258015567855,2.174988751092823
Latvia,50.0,3.312139038835497,Europe,Eastern Europe,3.241,0.0711390388354971,0.6772514305201673
Lebanon,10.0,0.0956546025961445,Near East,South/East Mediterranean,0.139,-0.04334539740385551,224.34344704650644
Lebanon,20.0,0.0801812802650314,Near East,South/East Mediterranean,0.139,-0.05881871973496862,304.42896193244974
Lebanon,30.0,0.0662638145648621,Near East,South/East Mediterranean,0.139,-0.0727361854351379,376.461805471445
Lebanon,40.0,0.0583413123741605,Near East,South/East Mediterranean,0.139,-0.08065868762583951,417.4664231967264
Lebanon,50.0,0.0439015206788021,Near East,South/East Mediterranean,0.139,-0.09509847932119792,492.2026775073645
Lesotho,10.0,0.1281770850896124,Africa,Southern Africa,0.035,0.0931770850896124,7606.292660376521
Lesotho,20.0,0.0244649928624975,Africa,Southern Africa,0.035,-0.010535007137502505,860.0005826532655
Lesotho,30.0,0.0060602720694615,Africa,Southern Africa,0.035,-0.028939727930538502,2362.4267698398776
Lesotho,40.0,0.0029435223733577,Africa,Southern Africa,0.035,-0.0320564776266423,2616.8553164605955
Lesotho,50.0,0.0005246704379527854,Africa,Southern Africa,0.035,-0.03447532956204722,2814.3126173099768
Liberia,10.0,9.547654829109607,Africa,West Africa,8.009,1.538654829109607,2.3987479516771106
Liberia,20.0,9.48326957183381,Africa,West Africa,8.009,1.4742695718338101,2.2983719602028594
Liberia,30.0,9.38987557094609,Africa,West Africa,8.009,1.38087557094609,2.1527716188592523
Liberia,40.0,9.323314288135824,Africa,West Africa,8.009,1.314314288135824,2.049003224686973
Liberia,50.0,9.063157567201412,Africa,West Africa,8.009,1.0541575672014112,1.643421420600618
Libya,10.0,0.0247806569933264,Near East,South/East Mediterranean,0.214,-0.1892193430066736,413.178755801104
Libya,20.0,0.0142334743966164,Near East,South/East Mediterranean,0.214,-0.1997665256033836,436.2095501864434
Libya,30.0,0.00685437155154,Near East,South/East Mediterranean,0.214,-0.20714562844846,452.3225356984453
Libya,40.0,0.0061455029858227,Near East,South/East Mediterranean,0.214,-0.2078544970141773,453.8704188448277
Libya,50.0,0.0018028433175052,Near East,South/East Mediterranean,0.214,-0.2121971566824948,463.3530366898743
Liechtenstein,10.0,0.0097742665883409,Europe,Western Europe,0.005,0.0047742665883409,19097.0663533636
Liechtenstein,20.0,0.0092579795739297,Europe,Western Europe,0.005,0.0042579795739297,17031.9182957188
Liechtenstein,30.0,0.0088886188786013,Europe,Western Europe,0.005,0.0038886188786013,15554.4755144052
Liechtenstein,40.0,0.008590583222902,Europe,Western Europe,0.005,0.0035905832229019994,14362.332891607997
Liechtenstein,50.0,0.0080013368503726,Europe,Western Europe,0.005,0.0030013368503726,12005.347401490399
Lithuania,10.0,2.442140824195169,Europe,Eastern Europe,2.02,0.4221408241951692,10.345574556297647
Lithuania,20.0,2.383554502012489,Europe,Eastern Europe,2.02,0.36355450201248907,8.909776051673587
Lithuania,30.0,2.3284444453699606,Europe,Eastern Europe,2.02,0.30844444536996063,7.559171781442031
Lithuania,40.0,2.2798789260407406,Europe,Eastern Europe,2.02,0.2598789260407406,6.368957113046285
Lithuania,50.0,2.17064518047754,Europe,Eastern Europe,2.02,0.15064518047753994,3.6919218821081254
Luxembourg,10.0,0.1072379907351328,Europe,Western Europe,0.087,0.0202379907351328,267.3799806464896
Luxembourg,20.0,0.104574303579388,Europe,Western Europe,0.087,0.01757430357938801,232.18791887155515
Luxembourg,30.0,0.1022798747075584,Europe,Western Europe,0.087,0.0152798747075584,201.8744181207346
Luxembourg,40.0,0.1006848145517171,Europe,Western Europe,0.087,0.013684814551717106,180.8008264198323
Luxembourg,50.0,0.0975535714877484,Europe,Western Europe,0.087,0.010553571487748409,139.43151655104253
Macedonia,10.0,0.9475044971678552,Europe,Eastern Europe,0.958,-0.010495502832144732,1.1435949581967404
Macedonia,20.0,0.8746583440584083,Europe,Eastern Europe,0.958,-0.08334165594159171,9.080946293556046
Macedonia,30.0,0.8128658797035831,Europe,Eastern Europe,0.958,-0.1451341202964168,15.813882468305229
Macedonia,40.0,0.7637338010716829,Europe,Eastern Europe,0.958,-0.1942661989283171,21.167337020009185
Macedonia,50.0,0.7221120459813051,Europe,Eastern Europe,0.958,-0.2358879540186949,25.702463162500916
Madagascar,10.0,33.35610909300728,Africa,Indian Ocean Islands,13.014,20.342109093007277,12.010867452178191
Madagascar,20.0,21.69617725223687,Africa,Indian Ocean Islands,13.014,8.682177252236869,5.12633570571012
Madagascar,30.0,17.113527398913405,Africa,Indian Ocean Islands,13.014,4.099527398913406,2.4205395802271017
Madagascar,40.0,15.50198726485081,Africa,Indian Ocean Islands,13.014,2.48798726485081,1.4690160751867591
Madagascar,50.0,12.228114271107843,Africa,Indian Ocean Islands,13.014,-0.7858857288921559,0.4640211729828399
Malawi,10.0,7.149531437650368,Africa,Southern Africa,3.082,4.067531437650368,42.821872049870784
Malawi,20.0,3.175120908433479,Africa,Southern Africa,3.082,0.09312090843347898,0.9803517654948073
Malawi,30.0,1.5205249135054688,Africa,Southern Africa,3.082,-1.561475086494531,16.43878784660478
Malawi,40.0,0.9142276419174832,Africa,Southern Africa,3.082,-2.167772358082517,22.821721718438358
Malawi,50.0,0.3132421080180037,Africa,Southern Africa,3.082,-2.768757891981996,29.14873505096049
Malaysia,10.0,29.62618412266829,Asia and the Pacific,Southeast Asia,19.691,9.93518412266829,2.562361354458632
Malaysia,20.0,29.45424016165576,Asia and the Pacific,Southeast Asia,19.691,9.763240161655762,2.5180156679176244
Malaysia,30.0,29.278572297399656,Asia and the Pacific,Southeast Asia,19.691,9.587572297399657,2.4727095577305853
Malaysia,40.0,29.133126543297493,Asia and the Pacific,Southeast Asia,19.691,9.442126543297494,2.4351979651038165
Malaysia,50.0,28.82277933539098,Asia and the Pacific,Southeast Asia,19.691,9.13177933539098,2.355157003387828
Maldives,10.0,0.001045477490627,Asia and the Pacific,South Asia,0.004,-0.002954522509373,18465.76568358125
Maldives,20.0,0.0010194564857931,Asia and the Pacific,South Asia,0.004,-0.0029805435142069,18628.396963793126
Maldives,30.0,0.0009976447459335031,Asia and the Pacific,South Asia,0.004,-0.003002355254066497,18764.720337915605
Maldives,40.0,0.0009731411806588688,Asia and the Pacific,South Asia,0.004,-0.0030268588193411313,18917.86762088207
Maldives,50.0,0.0008546814640984498,Asia and the Pacific,South Asia,0.004,-0.0031453185359015504,19658.24084938469
Mali,10.0,8.406427654629606,Africa,West Africa,12.993,-4.586572345370394,2.7168732090787246
Mali,20.0,0.3269671934697198,Africa,West Africa,12.993,-12.66603280653028,7.502771700986949
Mali,30.0,0.0262576863757151,Africa,West Africa,12.993,-12.966742313624286,7.680898097349938
Mali,40.0,0.0076359059309594,Africa,West Africa,12.993,-12.985364094069041,7.691928778343506
Mali,50.0,0.000387485105947409,Africa,West Africa,12.993,-12.992612514894052,7.696222407412168
Malta,10.0,0.0001648715117690145,Near East,South/East Mediterranean,0.0,0.0001648715117690145,inf
Malta,20.0,0.00013512862124432748,Near East,South/East Mediterranean,0.0,0.00013512862124432748,inf
Malta,30.0,0.00010778798187669944,Near East,South/East Mediterranean,0.0,0.00010778798187669944,inf
Malta,40.0,9.670996842625028e-05,Near East,South/East Mediterranean,0.0,9.670996842625028e-05,inf
Malta,50.0,7.84743053166408e-05,Near East,South/East Mediterranean,0.0,7.84743053166408e-05,inf
Marshall Is,10.0,0.0,Asia and the Pacific,Pacific Region,0.009,-0.009,11111.111111111111
Marshall Is,20.0,0.0,Asia and the Pacific,Pacific Region,0.009,-0.009,11111.111111111111
Marshall Is,30.0,0.0,Asia and the Pacific,Pacific Region,0.009,-0.009,11111.111111111111
Marshall Is,40.0,0.0,Asia and the Pacific,Pacific Region,0.009,-0.009,11111.111111111111
Marshall Is,50.0,0.0,Asia and the Pacific,Pacific Region,0.009,-0.009,11111.111111111111
Mauritania,10.0,6.502349122867359e-05,Africa,West Africa,0.953,-0.9529349765087712,104.92463480418839
Mauritania,20.0,3.922913738403317e-05,Africa,West Africa,0.953,-0.9529607708626159,104.92747493832542
Mauritania,30.0,3.3233370434570366e-05,Africa,West Africa,0.953,-0.9529667666295654,104.92813511312545
Mauritania,40.0,3.160563289184577e-05,Africa,West Africa,0.953,-0.9529683943671081,104.92831433812131
Mauritania,50.0,1.5590537164306655e-05,Africa,West Africa,0.953,-0.9529844094628357,104.93007770929772
Mauritius,10.0,0.1483663027360154,Africa,Indian Ocean Islands,0.042,0.10636630273601538,6029.835756009941
Mauritius,20.0,0.1113851022159351,Africa,Indian Ocean Islands,0.042,0.06938510221593511,3933.395817229881
Mauritius,30.0,0.0707524584624692,Africa,Indian Ocean Islands,0.042,0.028752458462469203,1629.9579627250114
Mauritius,40.0,0.062983202522243,Africa,Indian Ocean Islands,0.042,0.020983202522242998,1189.5239525081063
Mauritius,50.0,0.0505774442293272,Africa,Indian Ocean Islands,0.042,0.0085774442293272,486.24967286435367
Mexico,10.0,64.01881448003545,Americas,Central America and Mexico,69.594,-5.575185519964549,0.11511070821689875
Mexico,20.0,58.29852276623982,Americas,Central America and Mexico,69.594,-11.295477233760174,0.23321742018627173
Mexico,30.0,53.57507147564943,Americas,Central America and Mexico,69.594,-16.018928524350564,0.33074239425948276
Mexico,40.0,49.25962782683796,Americas,Central America and Mexico,69.594,-20.33437217316203,0.41984324532640194
Mexico,50.0,42.33920822920575,Americas,Central America and Mexico,69.594,-27.25479177079424,0.5627289660237492
Moldova,10.0,0.4517069585082872,Europe,Eastern Europe,0.344,0.10770695850828721,91.0179138286635
Moldova,20.0,0.4041510567475589,Europe,Eastern Europe,0.344,0.06015105674755894,50.8307334602817
Moldova,30.0,0.3577647259747201,Europe,Eastern Europe,0.344,0.013764725974720116,11.631900668199126
Moldova,40.0,0.3338303831056318,Europe,Eastern Europe,0.344,-0.010169616894368183,8.593848781747047
Moldova,50.0,0.3166358388779686,Europe,Eastern Europe,0.344,-0.027364161122031383,23.124122094739885
Monaco,10.0,2.444715686513864e-06,Europe,Western Europe,0.0,2.444715686513864e-06,inf
Monaco,20.0,1.364498686738855e-06,Europe,Western Europe,0.0,1.364498686738855e-06,inf
Monaco,30.0,4.550902282714844e-07,Europe,Western Europe,0.0,4.550902282714844e-07,inf
Monaco,40.0,2.6005205078125e-07,Europe,Western Europe,0.0,2.6005205078125e-07,inf
Monaco,50.0,6.50130126953125e-08,Europe,Western Europe,0.0,6.50130126953125e-08,inf
Mongolia,10.0,6.189697570230051,Asia and the Pacific,East Asia,14.264,-8.074302429769947,3.9684631498254825
Mongolia,20.0,4.882968495700333,Asia and the Pacific,East Asia,14.264,-9.381031504299667,4.610711347014264
Mongolia,30.0,4.079915413363054,Asia and the Pacific,East Asia,14.264,-10.184084586636946,5.005406318168578
Mongolia,40.0,3.380775927557292,Asia and the Pacific,East Asia,14.264,-10.883224072442708,5.349028483691943
Mongolia,50.0,1.8545467182621795,Asia and the Pacific,East Asia,14.264,-12.40945328173782,6.099159461315913
Montenegro,10.0,0.7208381842081095,Europe,Eastern Europe,0.626,0.09483818420810952,24.201069779243824
Montenegro,20.0,0.6820615488855232,Europe,Eastern Europe,0.626,0.05606154888552317,14.305940880667142
Montenegro,30.0,0.6429577115991434,Europe,Eastern Europe,0.626,0.016957711599143388,4.327315681272491
Montenegro,40.0,0.6098933212660117,Europe,Eastern Europe,0.626,-0.0161066787339883,4.110146764279593
Montenegro,50.0,0.5727948011197137,Europe,Eastern Europe,0.626,-0.0532051988802863,13.57704959739466
Morocco,10.0,1.1332436673503987,Near East,South/East Mediterranean,5.699,-4.565756332649601,14.05773707016999
Morocco,20.0,0.847245037284987,Near East,South/East Mediterranean,5.699,-4.851754962715013,14.938312653045042
Morocco,30.0,0.6819317180626135,Near East,South/East Mediterranean,5.699,-5.017068281937386,15.447304155549638
Morocco,40.0,0.5911391165653687,Near East,South/East Mediterranean,5.699,-5.107860883434631,15.726850067940523
Morocco,50.0,0.4405421561842217,Near East,South/East Mediterranean,5.699,-5.258457843815778,16.19053063220235
Mozambique,10.0,71.04642130938718,Africa,Southern Africa,38.919,32.12742130938719,2.12105789510793
Mozambique,20.0,46.92151543415912,Africa,Southern Africa,38.919,8.002515434159122,0.5283274489691695
Mozambique,30.0,28.8839322030705,Africa,Southern Africa,38.919,-10.035067796929496,0.6625169064658631
Mozambique,40.0,21.542413351373064,Africa,Southern Africa,38.919,-17.376586648626933,1.1472052470743481
Mozambique,50.0,10.481227041035757,Africa,Southern Africa,38.919,-28.43777295896424,1.8774666747459672
Namibia,10.0,1.7716330948045822,Africa,Southern Africa,8.059,-6.287366905195417,9.680694013668395
Namibia,20.0,0.0464852626446249,Africa,Southern Africa,8.059,-8.012514737355374,12.336913786318174
Namibia,30.0,0.0039770493595268,Africa,Southern Africa,8.059,-8.055022950640472,12.402363920227288
Namibia,40.0,0.0016184679406882,Africa,Southern Africa,8.059,-8.057381532059312,12.40599544123861
Namibia,50.0,0.0005926744610568414,Africa,Southern Africa,8.059,-8.058407325538942,12.407574861200459
Nauru,10.0,0.0,Asia and the Pacific,Pacific Region,0.0,0.0,
Nauru,20.0,0.0,Asia and the Pacific,Pacific Region,0.0,0.0,
Nauru,30.0,0.0,Asia and the Pacific,Pacific Region,0.0,0.0,
Nauru,40.0,0.0,Asia and the Pacific,Pacific Region,0.0,0.0,
Nauru,50.0,0.0,Asia and the Pacific,Pacific Region,0.0,0.0,
Nepal,10.0,5.608065431320919,Asia and the Pacific,South Asia,5.916,-0.3079345686790811,0.8798367838237724
Nepal,20.0,5.392389898701853,Asia and the Pacific,South Asia,5.916,-0.5236101012981473,1.496069211975738
Nepal,30.0,5.167045193880624,Asia and the Pacific,South Asia,5.916,-0.748954806119376,2.1399285915579433
Nepal,40.0,4.905753143097863,Asia and the Pacific,South Asia,5.916,-1.0102468569021372,2.8864974441085987
Nepal,50.0,4.310678033047618,Asia and the Pacific,South Asia,5.916,-1.6053219669523822,4.586757902705667
Netherlands,10.0,0.7553053488564366,Europe,Western Europe,0.36,0.39530534885643664,305.0195593028061
Netherlands,20.0,0.6653313614364279,Europe,Western Europe,0.36,0.3053313614364279,235.59518629354005
Netherlands,30.0,0.5952216389441239,Europe,Western Europe,0.36,0.23522163894412396,181.49817819762654
Netherlands,40.0,0.5501830620890904,Europe,Western Europe,0.36,0.19018306208909042,146.74618988355743
Netherlands,50.0,0.4744343802672371,Europe,Western Europe,0.36,0.11443438026723712,88.29813292225087
New Zealand,10.0,11.445539807350624,Asia and the Pacific,Pacific Region,9.85,1.5955398073506242,1.6445049419986333
New Zealand,20.0,11.303871448610868,Asia and the Pacific,Pacific Region,9.85,1.4538714486108688,1.4984889573149207
New Zealand,30.0,11.122894083855543,Asia and the Pacific,Pacific Region,9.85,1.2728940838555438,1.3119576220521465
New Zealand,40.0,10.983776449543024,Asia and the Pacific,Pacific Region,9.85,1.1337764495430243,1.1685706403597353
New Zealand,50.0,10.66728296813579,Asia and the Pacific,Pacific Region,9.85,0.8172829681357907,0.8423643671682246
Nicaragua,10.0,8.419757268755877,Americas,Central America and Mexico,6.106,2.313757268755877,6.205891754556598
Nicaragua,20.0,8.078703315620004,Americas,Central America and Mexico,6.106,1.972703315620004,5.291126863612386
Nicaragua,30.0,7.804279023846602,Americas,Central America and Mexico,6.106,1.6982790238466023,4.555074092406041
Nicaragua,40.0,7.551824875187301,Americas,Central America and Mexico,6.106,1.4458248751873013,3.877948993449231
Nicaragua,50.0,7.086142764031934,Americas,Central America and Mexico,6.106,0.9801427640319345,2.6289101193682183
Niger,10.0,0.0269232094943816,Africa,West Africa,1.328,-1.3010767905056184,73.774585758638
Niger,20.0,3.146268173777861e-05,Africa,West Africa,1.328,-1.3279685373182624,75.299420799818
Niger,30.0,2.356456616210937e-06,Africa,West Africa,1.328,-1.3279976435433838,75.30107120179042
Niger,40.0,7.844035888671875e-07,Africa,West Africa,1.328,-1.327999215596411,75.30116034146437
Niger,50.0,4.361968994140625e-07,Africa,West Africa,1.328,-1.3279995638031006,75.30118008572886
Nigeria,10.0,43.11641262781386,Africa,West Africa,20.302,22.81441262781386,5.535178684587063
Nigeria,20.0,17.29398085405508,Africa,West Africa,20.302,-3.008019145944921,0.7297984713034249
Nigeria,30.0,10.045836309822676,Africa,West Africa,20.302,-10.256163690177324,2.48832611076278
Nigeria,40.0,7.73930886243143,Africa,West Africa,20.302,-12.56269113756857,3.047930329836572
Nigeria,50.0,4.734884305155431,Africa,West Africa,20.302,-15.567115694844569,3.7768566905621506
Niue,10.0,0.0,Asia and the Pacific,Pacific Region,0.019,-0.019,5263.1578947368425
Niue,20.0,0.0,Asia and the Pacific,Pacific Region,0.019,-0.019,5263.1578947368425
Niue,30.0,0.0,Asia and the Pacific,Pacific Region,0.019,-0.019,5263.1578947368425
Niue,40.0,0.0,Asia and the Pacific,Pacific Region,0.019,-0.019,5263.1578947368425
Niue,50.0,0.0,Asia and the Pacific,Pacific Region,0.019,-0.019,5263.1578947368425
Norway,10.0,12.429635654319664,Europe,Western Europe,12.198,0.23163565431966404,0.1556783251244234
Norway,20.0,11.82030180859039,Europe,Western Europe,12.198,-0.3776981914096105,0.25384443519229166
Norway,30.0,11.388072001433985,Europe,Western Europe,12.198,-0.8099279985660157,0.5443386280858481
Norway,40.0,10.785074527076246,Europe,Western Europe,12.198,-1.4129254729237548,0.9496028225725995
Norway,50.0,9.53657939611436,Europe,Western Europe,12.198,-2.66142060388564,1.7886948504601385
Oman,10.0,0.0014156923558715,Near East,West Asia,0.002,-0.0005843076441284999,14607.691103212497
Oman,20.0,5.463203297119142e-05,Near East,West Asia,0.002,-0.0019453679670288085,48634.19917572021
Oman,30.0,6.540773010253906e-07,Near East,West Asia,0.002,-0.0019993459226989745,49983.64806747436
Oman,40.0,3.3236721801757813e-07,Near East,West Asia,0.002,-0.0019996676327819823,49991.69081954955
Oman,50.0,2.519106811523437e-07,Near East,West Asia,0.002,-0.001999748089318848,49993.70223297119
Pakistan,10.0,1.6572610025081445,Near East,West Asia,3.317,-1.6597389974918557,15.085122988915106
Pakistan,20.0,1.265000708982306,Near East,West Asia,3.317,-2.051999291017694,18.650318950718276
Pakistan,30.0,1.0352801844415211,Near East,West Asia,3.317,-2.2817198155584792,20.738214921718885
Pakistan,40.0,0.8896713736046156,Near East,West Asia,3.317,-2.4273286263953846,22.061631930696628
Pakistan,50.0,0.6801163391421728,Near East,West Asia,3.317,-2.636883660857827,23.96624673615058
Palau,10.0,0.0397758167657621,Asia and the Pacific,Pacific Region,0.04,-0.0002241832342379027,14.011452139868918
Palau,20.0,0.0393266650047536,Asia and the Pacific,Pacific Region,0.04,-0.0006733349952464038,42.083437202900235
Palau,30.0,0.0388772642800116,Asia and the Pacific,Pacific Region,0.04,-0.001122735719988402,70.17098249927511
Palau,40.0,0.0385173575478416,Asia and the Pacific,Pacific Region,0.04,-0.0014826424521584003,92.66515325990001
Palau,50.0,0.0377585472106553,Asia and the Pacific,Pacific Region,0.04,-0.0022414527893446987,140.09079933404368
Panama,10.0,5.906547502039708,Americas,Central America and Mexico,4.791,1.1155475020397079,4.859993924459034
Panama,20.0,5.776113003268176,Americas,Central America and Mexico,4.791,0.9851130032681752,4.291743024868974
Panama,30.0,5.671072435175997,Americas,Central America and Mexico,4.791,0.8800724351759968,3.8341233163255892
Panama,40.0,5.575151789006529,Americas,Central America and Mexico,4.791,0.784151789006529,3.4162354569906626
Panama,50.0,5.424070896532455,Americas,Central America and Mexico,4.791,0.6330708965324545,2.758036484572799
Papua New Guinea,10.0,43.34108665312365,Asia and the Pacific,Pacific Region,34.395,8.946086653123643,0.7562100989395846
Papua New Guinea,20.0,42.95173351312185,Asia and the Pacific,Pacific Region,34.395,8.556733513121848,0.7232981914274448
Papua New Guinea,30.0,42.57185407723021,Asia and the Pacific,Pacific Region,34.395,8.17685407723021,0.6911870933642009
Papua New Guinea,40.0,42.27335932445569,Asia and the Pacific,Pacific Region,34.395,7.878359324455687,0.6659554188588177
Papua New Guinea,50.0,41.63107024314008,Asia and the Pacific,Pacific Region,34.395,7.236070243140077,0.6116629099035302
Paraguay,10.0,27.029194725597808,Americas,South America,21.91,5.119194725597808,1.066392039797222
Paraguay,20.0,26.0038421948708,Americas,South America,21.91,4.093842194870799,0.852798333098454
Paraguay,30.0,24.41963245671465,Americas,South America,21.91,2.509632456714648,0.5227877074640329
Paraguay,40.0,22.35155847503726,Americas,South America,21.91,0.4415584750372581,0.09198213158999236
Paraguay,50.0,14.081018384647168,Americas,South America,21.91,-7.828981615352832,1.6308744093254057
Peru,10.0,79.07564383357978,Americas,South America,74.045,5.030643833579774,0.0917554977972543
Peru,20.0,78.54233108379154,Americas,South America,74.045,4.497331083791536,0.08202823853238585
Peru,30.0,78.09795942863168,Americas,South America,74.045,4.052959428631681,0.07392320391355293
Peru,40.0,77.70868098662032,Americas,South America,74.045,3.663680986620321,0.06682303176658642
Peru,50.0,76.83826921971219,Americas,South America,74.045,2.7932692197121867,0.050947317324601754
Philippines,10.0,19.320893504036142,Asia and the Pacific,Southeast Asia,7.309,12.011893504036141,22.485137587323983
Philippines,20.0,18.752022385596845,Asia and the Pacific,Southeast Asia,7.309,11.443022385596844,21.42026422965856
Philippines,30.0,18.18425476122785,Asia and the Pacific,Southeast Asia,7.309,10.87525476122785,20.357456509354073
Philippines,40.0,17.776362928820536,Asia and the Pacific,Southeast Asia,7.309,10.467362928820535,19.59392127077221
Philippines,50.0,16.983960255985032,Asia and the Pacific,Southeast Asia,7.309,9.674960255985031,18.11061781680113
Poland,10.0,11.2118599012382,Europe,Eastern Europe,9.059,2.1528599012382,2.623344035768462
Poland,20.0,10.808599891975868,Europe,Eastern Europe,9.059,1.749599891975869,2.1319559340374417
Poland,30.0,10.465164398128032,Europe,Eastern Europe,9.059,1.4061643981280323,1.713466345402926
Poland,40.0,10.182379220873374,Europe,Eastern Europe,9.059,1.1233792208733746,1.3688815409165453
Poland,50.0,9.55028198624352,Europe,Eastern Europe,9.059,0.4912819862435214,0.5986463251747972
Portugal,10.0,3.0231435972751144,Europe,Western Europe,3.349,-0.3258564027248858,2.9053333125729117
Portugal,20.0,2.651512198731277,Europe,Western Europe,3.349,-0.6974878012687231,6.218796154360469
Portugal,30.0,2.2900936658247915,Europe,Western Europe,3.349,-1.0589063341752087,9.44120116053422
Portugal,40.0,2.0256219736912087,Europe,Western Europe,3.349,-1.3233780263087915,11.799228840711343
Portugal,50.0,1.5783954650372392,Europe,Western Europe,3.349,-1.770604534962761,15.786697133470549
Qatar,10.0,0.0,Near East,West Asia,0.001,-0.001,100000.0
Qatar,20.0,0.0,Near East,West Asia,0.001,-0.001,100000.0
Qatar,30.0,0.0,Near East,West Asia,0.001,-0.001,100000.0
Qatar,40.0,0.0,Near East,West Asia,0.001,-0.001,100000.0
Qatar,50.0,0.0,Near East,West Asia,0.001,-0.001,100000.0
Rep of the Congo,10.0,33.704369396484964,Africa,Central Africa,22.135,11.569369396484962,2.361297107826889
Rep of the Congo,20.0,31.09570107926129,Africa,Central Africa,22.135,8.960701079261288,1.8288704265065223
Rep of the Congo,30.0,26.514459313757023,Africa,Central Africa,22.135,4.379459313757021,0.8938434116004524
Rep of the Congo,40.0,25.227350839337987,Africa,Central Africa,22.135,3.0923508393379855,0.6311458164291425
Rep of the Congo,50.0,24.0378513083876,Africa,Central Africa,22.135,1.9028513083876,0.3883701122453041
Romania,10.0,8.517666708075417,Europe,Eastern Europe,6.366,2.1516667080754175,5.309354597521197
Romania,20.0,8.222442304467336,Europe,Eastern Europe,6.366,1.8564423044673362,4.580872329001533
Romania,30.0,7.926893115669489,Europe,Eastern Europe,6.366,1.5608931156694892,3.851588635366157
Romania,40.0,7.7050348770853985,Europe,Eastern Europe,6.366,1.3390348770853988,3.304141368276171
Romania,50.0,7.3936860385982675,Europe,Eastern Europe,6.366,1.0276860385982678,2.5358711799377858
Russia,10.0,886.1615485862021,Europe,Eastern Europe,812.445,73.71654858620207,0.011168042366672131
Russia,20.0,814.3096137301529,Europe,Eastern Europe,812.445,1.8646137301528825,0.0002824886071744779
Russia,30.0,761.6598393477013,Europe,Eastern Europe,812.445,-50.785160652298714,0.007693941681220857
Russia,40.0,703.4233549920202,Europe,Eastern Europe,812.445,-109.02164500797983,0.01651675741315574
Russia,50.0,601.1982016142841,Europe,Eastern Europe,812.445,-211.24679838571592,0.032003847703704194
Rwanda,10.0,2.066463964373473,Africa,East Africa,0.409,1.6574639643734728,990.8261932756697
Rwanda,20.0,1.0285776778171836,Africa,East Africa,0.409,0.6195776778171835,370.3813809202382
Rwanda,30.0,0.4985736158740578,Africa,East Africa,0.409,0.08957361587405782,53.546796034252445
Rwanda,40.0,0.3362036016913337,Africa,East Africa,0.409,-0.0727963983086663,43.51743372449131
Rwanda,50.0,0.2060789469322204,Africa,East Africa,0.409,-0.20292105306777958,121.30549976852099
Saint Lucia,10.0,0.0522092528013606,Americas,Caribbean,0.029,0.0232092528013606,2759.720903847871
Saint Lucia,20.0,0.0511793259945226,Americas,Caribbean,0.029,0.0221793259945226,2637.256360823139
Saint Lucia,30.0,0.0504856550749716,Americas,Caribbean,0.029,0.0214856550749716,2554.774681922901
Saint Lucia,40.0,0.0498325880236293,Americas,Caribbean,0.029,0.020832588023629296,2477.121049183031
Saint Lucia,50.0,0.0489891289655162,Americas,Caribbean,0.029,0.0199891289655162,2376.828652261141
Samoa,10.0,0.0,Asia and the Pacific,Pacific Region,0.172,-0.172,581.3953488372093
Samoa,20.0,0.0,Asia and the Pacific,Pacific Region,0.172,-0.172,581.3953488372093
Samoa,30.0,0.0,Asia and the Pacific,Pacific Region,0.172,-0.172,581.3953488372093
Samoa,40.0,0.0,Asia and the Pacific,Pacific Region,0.172,-0.172,581.3953488372093
Samoa,50.0,0.0,Asia and the Pacific,Pacific Region,0.172,-0.172,581.3953488372093
San Marino,10.0,0.0011360656055381,Europe,Western Europe,0.001,0.00013606560553810002,13606.56055381
San Marino,20.0,0.0010373754760631,Europe,Western Europe,0.001,3.737547606310005e-05,3737.5476063100045
San Marino,30.0,0.0008607924505207407,Europe,Western Europe,0.001,-0.00013920754947925932,13920.75494792593
San Marino,40.0,0.0007211147655925167,Europe,Western Europe,0.001,-0.0002788852344074833,27888.523440748333
San Marino,50.0,0.0006138521473442555,Europe,Western Europe,0.001,-0.0003861478526557445,38614.78526557445
Sao Tome & Principe,10.0,0.0152159589522034,Africa,Central Africa,0.059,-0.043784041047796596,1257.8006621027464
Sao Tome & Principe,20.0,0.0147712758137496,Africa,Central Africa,0.059,-0.0442287241862504,1270.5752423513475
Sao Tome & Principe,30.0,0.014045533401691,Africa,Central Africa,0.059,-0.044954466598309,1291.4239183656707
Sao Tome & Principe,40.0,0.0138624551202675,Africa,Central Africa,0.059,-0.0451375448797325,1296.6832772115054
Sao Tome & Principe,50.0,0.0130732568007356,Africa,Central Africa,0.059,-0.045926743199264396,1319.3548750147772
Saudi Arabia,10.0,3.197755684204101e-05,Near East,West Asia,2.768,-2.7679680224431578,36.12675026786256
Saudi Arabia,20.0,7.160309655761718e-06,Near East,West Asia,2.768,-2.767992839690344,36.12707417568381
Saudi Arabia,30.0,6.904660882568359e-06,Near East,West Asia,2.768,-2.767993095339117,36.127077512340634
Saudi Arabia,40.0,6.904660882568359e-06,Near East,West Asia,2.768,-2.767993095339117,36.127077512340634
Saudi Arabia,50.0,6.819636358642578e-06,Near East,West Asia,2.768,-2.767993180363641,36.12707862205712
Senegal,10.0,4.812682914670145,Africa,West Africa,9.038,-4.225317085329856,5.1726683218247
Senegal,20.0,0.7324356421776943,Africa,West Africa,9.038,-8.305564357822306,10.167740972090824
Senegal,30.0,0.0391867469084435,Africa,West Africa,9.038,-8.998813253091557,11.01642203608706
Senegal,40.0,0.0126048781352881,Africa,West Africa,9.038,-9.025395121864712,11.048963780945735
Senegal,50.0,0.0020294677710486,Africa,West Africa,9.038,-9.035970532228951,11.061910286279343
Serbia,10.0,3.00880987677169,Europe,Eastern Europe,2.483,0.5258098767716901,8.528551974963218
Serbia,20.0,2.8802485052407265,Europe,Eastern Europe,2.483,0.3972485052407264,6.443307122192104
Serbia,30.0,2.712383192610597,Europe,Eastern Europe,2.483,0.2293831926105967,3.7205586406508546
Serbia,40.0,2.596127437921647,Europe,Eastern Europe,2.483,0.11312743792164692,1.834908921895582
Serbia,50.0,2.4862889446006764,Europe,Eastern Europe,2.483,0.0032889446006763023,0.05334615458701615
Seychelles,10.0,0.011288519212168,Africa,Indian Ocean Islands,0.032,-0.020711480787832,2022.6055456867186
Seychelles,20.0,0.0080026799252118,Africa,Indian Ocean Islands,0.032,-0.0239973200747882,2343.4882885535353
Seychelles,30.0,0.0053919352755206,Africa,Indian Ocean Islands,0.032,-0.0266080647244794,2598.4438207499416
Seychelles,40.0,0.0047383321041278,Africa,Indian Ocean Islands,0.032,-0.0272616678958722,2662.2722554562692
Seychelles,50.0,0.0025762618941819,Africa,Indian Ocean Islands,0.032,-0.029423738105818102,2873.411924396299
Sierra Leone,10.0,7.13310778678188,Africa,West Africa,2.929,4.204107786781881,49.00440255247505
Sierra Leone,20.0,6.529522004112711,Africa,West Africa,2.929,3.6005220041127113,41.96881684226374
Sierra Leone,30.0,5.608856043596079,Africa,West Africa,2.929,2.679856043596079,31.237244857508895
Sierra Leone,40.0,4.987575436725594,Africa,West Africa,2.929,2.058575436725594,23.995402711393904
Sierra Leone,50.0,3.5838356736234167,Africa,West Africa,2.929,0.6548356736234169,7.6329705572384725
Singapore,10.0,0.0211836166944659,Asia and the Pacific,Southeast Asia,0.017,0.004183616694465899,1447.6182333792035
Singapore,20.0,0.0194819027072594,Asia and the Pacific,Southeast Asia,0.017,0.002481902707259398,858.7898641035977
Singapore,30.0,0.0182350908297964,Asia and the Pacific,Southeast Asia,0.017,0.0012350908297963994,427.36706913370216
Singapore,40.0,0.0174803408730426,Asia and the Pacific,Southeast Asia,0.017,0.00048034087304259926,166.20791454761218
Singapore,50.0,0.0161959380331019,Asia and the Pacific,Southeast Asia,0.017,-0.0008040619668981015,278.2221338747756
Slovakia,10.0,2.4849063096798982,Europe,Eastern Europe,1.901,0.5839063096798982,16.15767746148441
Slovakia,20.0,2.4360241525003192,Europe,Eastern Europe,1.901,0.5350241525003192,14.805025304390561
Slovakia,30.0,2.390978202274851,Europe,Eastern Europe,1.901,0.4899782022748511,13.558527497082743
Slovakia,40.0,2.355865944496629,Europe,Eastern Europe,1.901,0.454865944496629,12.586911799975397
Slovakia,50.0,2.292012819921973,Europe,Eastern Europe,1.901,0.3910128199219731,10.819987595387047
Slovenia,10.0,1.3608682925798177,Europe,Eastern Europe,1.233,0.12786829257981758,8.410788513224627
Slovenia,20.0,1.3358260237981574,Europe,Eastern Europe,1.233,0.1028260237981573,6.763584015812604
Slovenia,30.0,1.3124757123522384,Europe,Eastern Europe,1.233,0.07947571235223827,5.2276713409251965
Slovenia,40.0,1.295909767461478,Europe,Eastern Europe,1.233,0.0629097674614778,4.1380137238036845
Slovenia,50.0,1.264475260762606,Europe,Eastern Europe,1.233,0.03147526076260587,2.0703472012627775
Solomon Is,10.0,2.5646854107368946,Asia and the Pacific,Pacific Region,2.532,0.03268541073689457,0.5098313582493931
Solomon Is,20.0,2.561276425409868,Asia and the Pacific,Pacific Region,2.532,0.02927642540986808,0.4566575543917489
Solomon Is,30.0,2.5577741357414228,Asia and the Pacific,Pacific Region,2.532,0.025774135741422732,0.40202837708020955
Solomon Is,40.0,2.5550547957131635,Asia and the Pacific,Pacific Region,2.532,0.02305479571316349,0.35961175177574584
Solomon Is,50.0,2.549428502405138,Asia and the Pacific,Pacific Region,2.532,0.017428502405138158,0.2718520848641053
Somalia,10.0,3.975323098435011,Africa,East Africa,7.516,-3.540676901564989,6.267765721516626
Somalia,20.0,0.2648632993378343,Africa,East Africa,7.516,-7.251136700662165,12.83608397997376
Somalia,30.0,0.0908248476797083,Africa,East Africa,7.516,-7.425175152320292,13.144169770305684
Somalia,40.0,0.0647344909771315,Africa,East Africa,7.516,-7.4512655090228685,13.19035535796274
Somalia,50.0,0.0164996452155507,Africa,East Africa,7.516,-7.499500354784449,13.275741492098122
South Africa,10.0,22.6345646268749,Africa,Southern Africa,20.692,1.9425646268749013,0.4537018359790167
South Africa,20.0,9.504080717939448,Africa,Southern Africa,20.692,-11.187919282060552,2.6130299341555965
South Africa,30.0,5.983608782545032,Africa,Southern Africa,20.692,-14.708391217454968,3.4352649107960467
South Africa,40.0,4.880481594561859,Africa,Southern Africa,20.692,-15.811518405438141,3.6929092761788866
South Africa,50.0,3.16587342945363,Africa,Southern Africa,20.692,-17.52612657054637,4.0933700185047135
Spain,10.0,14.31884664051911,Europe,Western Europe,17.094,-2.775153359480891,0.9497287579049137
Spain,20.0,12.62146187018509,Europe,Western Europe,17.094,-4.472538129814911,1.5306174227092226
Spain,30.0,10.998379666120494,Europe,Western Europe,17.094,-6.095620333879507,2.08607784091551
Spain,40.0,10.040500179293476,Europe,Western Europe,17.094,-7.053499820706525,2.413888803916484
Spain,50.0,8.071856839487346,Europe,Western Europe,17.094,-9.022143160512655,3.087609118321592
Sri Lanka,10.0,4.247515131103029,Asia and the Pacific,South Asia,2.231,2.016515131103029,40.51374073737125
Sri Lanka,20.0,4.130656432796647,Asia and the Pacific,South Asia,2.231,1.8996564327966468,38.16593638268647
Sri Lanka,30.0,3.940087281823915,Asia and the Pacific,South Asia,2.231,1.7090872818239151,34.33721769073843
Sri Lanka,40.0,3.81017424858296,Asia and the Pacific,South Asia,2.231,1.57917424858296,31.72713911213111
Sri Lanka,50.0,3.5546343621859906,Asia and the Pacific,South Asia,2.231,1.3236343621859907,26.59309546134972
St Kitts & Nevis,10.0,0.0141359918345457,Americas,Caribbean,0.011,0.003135991834545701,2591.728788880745
St Kitts & Nevis,20.0,0.0135602821588347,Americas,Caribbean,0.011,0.002560282158834701,2115.935668458431
St Kitts & Nevis,30.0,0.0131393016646957,Americas,Caribbean,0.011,0.002139301664695701,1768.017904707191
St Kitts & Nevis,40.0,0.0127111437679907,Americas,Caribbean,0.011,0.0017111437679907006,1414.1684032980997
St Kitts & Nevis,50.0,0.0122474183526751,Americas,Caribbean,0.011,0.001247418352675101,1030.9242584091744
St Vincent & the Grenadines,10.0,0.0287018119956771,Americas,Caribbean,0.029,-0.000298188004322901,35.45636198845434
St Vincent & the Grenadines,20.0,0.0276000658553954,Americas,Caribbean,0.029,-0.0013999341446046011,166.4606592871107
St Vincent & the Grenadines,30.0,0.0271308839869456,Americas,Caribbean,0.029,-0.0018691160130544018,222.24922866283018
St Vincent & the Grenadines,40.0,0.026730564970777,Americas,Caribbean,0.029,-0.0022694350292230027,269.8495873035675
St Vincent & the Grenadines,50.0,0.0259857736692073,Americas,Caribbean,0.029,-0.0030142263307927006,358.4097896305232
Sudan,10.0,2.718611945873222,Africa,East Africa,26.334,-23.61538805412678,3.4053474035111684
Sudan,20.0,0.0871584996163021,Africa,East Africa,26.334,-26.2468415003837,3.7848039316077116
Sudan,30.0,0.0210314346388835,Africa,East Africa,26.334,-26.312968565361118,3.794339478027975
Sudan,40.0,0.00929978931945,Africa,East Africa,26.334,-26.32470021068055,3.796031185478891
Sudan,50.0,0.0009337235999078184,Africa,East Africa,26.334,-26.333066276400093,3.797237575147795
Suriname,10.0,13.9057484732749,Americas,Caribbean,14.902,-0.9962515267251,0.4486212920544948
Suriname,20.0,13.88790578567147,Americas,Caribbean,14.902,-1.01409421432853,0.45665601958227936
Suriname,30.0,13.874381428182744,Americas,Caribbean,14.902,-1.0276185718172552,0.46274616305311883
Suriname,40.0,13.857385308897868,Americas,Caribbean,14.902,-1.0446146911021312,0.470399673024198
Suriname,50.0,13.836719448466964,Americas,Caribbean,14.902,-1.0652805515330357,0.47970570143090624
Swaziland,10.0,1.466876822899348,Africa,Southern Africa,0.471,0.9958768228993481,448.9146834441551
Swaziland,20.0,0.7689615047110807,Africa,Southern Africa,0.471,0.29796150471108074,134.31309122798797
Swaziland,30.0,0.4687397768417811,Africa,Southern Africa,0.471,-0.002260223158218888,1.018848255380605
Swaziland,40.0,0.355324414851916,Africa,Southern Africa,0.471,-0.11567558514808396,52.14346543158568
Swaziland,50.0,0.1997073523628204,Africa,Southern Africa,0.471,-0.2712926476371796,122.29148247491655
Sweden,10.0,29.284181268917745,Europe,Western Europe,28.163,1.121181268917745,0.1413572225059886
Sweden,20.0,28.43925570176347,Europe,Western Europe,28.163,0.27625570176347125,0.03482999563524815
Sweden,30.0,27.707614325803625,Europe,Western Europe,28.163,-0.4553856741963749,0.057414492962011156
Sweden,40.0,26.592511509321465,Europe,Western Europe,28.163,-1.5704884906785352,0.1980053512972369
Sweden,50.0,23.862929215379904,Europe,Western Europe,28.163,-4.300070784620097,0.5421478930697676
Switzerland,10.0,1.654507323930141,Europe,Western Europe,1.196,0.45850732393014115,32.054124389697904
Switzerland,20.0,1.5935227711562998,Europe,Western Europe,1.196,0.39752277115629986,27.7907106153944
Switzerland,30.0,1.5466842465550377,Europe,Western Europe,1.196,0.3506842465550377,24.516241887327723
Switzerland,40.0,1.5143290210038194,Europe,Western Europe,1.196,0.31832902100381943,22.25429672233948
Switzerland,50.0,1.4468811640021697,Europe,Western Europe,1.196,0.25088116400216975,17.539035078059094
Syria,10.0,0.15465703330038078,Near East,South/East Mediterranean,0.461,-0.30634296669961925,144.14715096372558
Syria,20.0,0.13183299354945704,Near East,South/East Mediterranean,0.461,-0.329167006450543,154.8868142209678
Syria,30.0,0.1094750694131039,Near East,South/East Mediterranean,0.461,-0.3515249305868961,165.40715062835957
Syria,40.0,0.09920104480676312,Near East,South/East Mediterranean,0.461,-0.3617989551932369,170.24150798896903
Syria,50.0,0.08402570190287774,Near East,South/East Mediterranean,0.461,-0.3769742980971223,177.38214016361783
Tajikistan,10.0,0.1761160846295183,Near East,Central Asia,0.41,-0.23388391537048167,139.13379855471842
Tajikistan,20.0,0.1086751919770338,Near East,Central Asia,0.41,-0.3013248080229662,179.253306378921
Tajikistan,30.0,0.0614712468101568,Near East,Central Asia,0.41,-0.34852875318984317,207.33417798325002
Tajikistan,40.0,0.0446698072841885,Near East,Central Asia,0.41,-0.36533019271581146,217.32908549423647
Tajikistan,50.0,0.0192863893897697,Near East,Central Asia,0.41,-0.3907136106102303,232.42927460453916
Tanzania,10.0,65.48896778261529,Africa,Southern Africa,54.135,11.353967782615292,0.3874283306991116
Tanzania,20.0,42.77072589547597,Africa,Southern Africa,54.135,-11.364274104524029,0.38778001049679983
Tanzania,30.0,26.39480356926851,Africa,Southern Africa,54.135,-27.740196430731487,0.9465711196467911
Tanzania,40.0,19.506503776357757,Africa,Southern Africa,54.135,-34.628496223642244,1.1816186855037847
Tanzania,50.0,9.701794585863889,Africa,Southern Africa,54.135,-44.43320541413611,1.51618208989177
Thailand,10.0,21.93514950059857,Asia and the Pacific,Southeast Asia,20.165,1.7701495005985706,0.4353248852431292
Thailand,20.0,20.93791099984777,Asia and the Pacific,Southeast Asia,20.165,0.7729109998477703,0.1900785172089179
Thailand,30.0,19.96717478262606,Asia and the Pacific,Southeast Asia,20.165,-0.1978252173739392,0.04865026373330985
Thailand,40.0,19.26054170683668,Asia and the Pacific,Southeast Asia,20.165,-0.9044582931633194,0.2224293499195287
Thailand,50.0,17.950703188312247,Asia and the Pacific,Southeast Asia,20.165,-2.2142968116877526,0.5445520308404714
Timor-Leste,10.0,0.849059815132272,Asia and the Pacific,Southeast Asia,1.087,-0.23794018486772794,20.137646203288
Timor-Leste,20.0,0.8031685847114507,Asia and the Pacific,Southeast Asia,1.087,-0.28383141528854927,24.021569226050214
Timor-Leste,30.0,0.7261144457425761,Asia and the Pacific,Southeast Asia,1.087,-0.36088555425742386,30.542909830693247
Timor-Leste,40.0,0.6750863749979906,Asia and the Pacific,Southeast Asia,1.087,-0.41191362500200934,34.861580237972504
Timor-Leste,50.0,0.6182240517191114,Asia and the Pacific,Southeast Asia,1.087,-0.46877594828088853,39.674022277233796
Togo,10.0,4.318550807273529,Africa,West Africa,1.268,3.0505508072735292,189.73163774601753
Togo,20.0,1.4272272152166148,Africa,West Africa,1.268,0.15922721521661476,9.90327394146466
Togo,30.0,0.55279764044926,Africa,West Africa,1.268,-0.71520235955074,44.48262742381877
Togo,40.0,0.3536883865595586,Africa,West Africa,1.268,-0.9143116134404414,56.866399148192926
Togo,50.0,0.1244602546060467,Africa,West Africa,1.268,-1.1435397453939533,71.12344046325676
Tonga,10.0,0.0,Asia and the Pacific,Pacific Region,0.009,-0.009,11111.111111111111
Tonga,20.0,0.0,Asia and the Pacific,Pacific Region,0.009,-0.009,11111.111111111111
Tonga,30.0,0.0,Asia and the Pacific,Pacific Region,0.009,-0.009,11111.111111111111
Tonga,40.0,0.0,Asia and the Pacific,Pacific Region,0.009,-0.009,11111.111111111111
Tonga,50.0,0.0,Asia and the Pacific,Pacific Region,0.009,-0.009,11111.111111111111
Trinidad & Tobago,10.0,0.3969889336102698,Americas,Caribbean,0.237,0.15998893361026983,284.83493316646167
Trinidad & Tobago,20.0,0.3917990974723767,Americas,Caribbean,0.237,0.1547990974723767,275.59525267029267
Trinidad & Tobago,30.0,0.387844978763988,Americas,Caribbean,0.237,0.150844978763988,268.55557115844687
Trinidad & Tobago,40.0,0.3842172710047786,Americas,Caribbean,0.237,0.1472172710047786,262.09701259552173
Trinidad & Tobago,50.0,0.3790483197034529,Americas,Caribbean,0.237,0.14204831970345289,252.89451423997735
Tunisia,10.0,0.2920033582504432,Near East,South/East Mediterranean,0.668,-0.3759966417495568,84.26185990658432
Tunisia,20.0,0.2524661128005028,Near East,South/East Mediterranean,0.668,-0.41553388719949724,93.12226307852049
Tunisia,30.0,0.2261556481305195,Near East,South/East Mediterranean,0.668,-0.44184435186948057,99.01850906035547
Tunisia,40.0,0.210433711337253,Near East,South/East Mediterranean,0.668,-0.45756628866274707,102.5418374320402
Tunisia,50.0,0.1790916084026751,Near East,South/East Mediterranean,0.668,-0.4889083915973249,109.56568709825667
Turkey,10.0,12.990688911330777,Near East,West Asia,20.148,-7.157311088669223,1.7631367981831272
Turkey,20.0,11.739535882606834,Near East,West Asia,20.148,-8.408464117393166,2.071346671663925
Turkey,30.0,10.063975106860047,Near East,West Asia,20.148,-10.084024893139953,2.4841054332592263
Turkey,40.0,9.400474264390349,Near East,West Asia,20.148,-10.747525735609651,2.6475526743377675
Turkey,50.0,8.209831207643694,Near East,West Asia,20.148,-11.938168792356306,2.940856480871289
Turkmenistan,10.0,0.0313516087330747,Near East,Central Asia,2.33,-2.2986483912669256,42.340960254691105
Turkmenistan,20.0,0.0161019377269808,Near East,Central Asia,2.33,-2.313898062273019,42.62185824518814
Turkmenistan,30.0,0.0108958120138088,Near East,Central Asia,2.33,-2.3191041879861913,42.71775475669457
Turkmenistan,40.0,0.0087464692285568,Near East,Central Asia,2.33,-2.3212535307714433,42.757345516982134
Turkmenistan,50.0,0.0057180073232935,Near East,Central Asia,2.33,-2.3242819926767067,42.813129596726895
Tuvalu,10.0,0.0,Asia and the Pacific,Pacific Region,0.001,-0.001,100000.0
Tuvalu,20.0,0.0,Asia and the Pacific,Pacific Region,0.001,-0.001,100000.0
Tuvalu,30.0,0.0,Asia and the Pacific,Pacific Region,0.001,-0.001,100000.0
Tuvalu,40.0,0.0,Asia and the Pacific,Pacific Region,0.001,-0.001,100000.0
Tuvalu,50.0,0.0,Asia and the Pacific,Pacific Region,0.001,-0.001,100000.0
Uganda,10.0,18.38184276158388,Africa,East Africa,3.401,14.98084276158388,129.51586840288755
Uganda,20.0,12.819743711884549,Africa,East Africa,3.401,9.418743711884549,81.42911520553133
Uganda,30.0,7.763072078160067,Africa,East Africa,3.401,4.362072078160067,37.712000735208186
Uganda,40.0,5.732929078026715,Africa,East Africa,3.401,2.3319290780267155,20.160535985936956
Uganda,50.0,3.271003513613196,Africa,East Africa,3.401,-0.12999648638680394,1.1238758787914132
Ukraine,10.0,13.2249352851511,Europe,Eastern Europe,9.51,3.7149352851510997,4.107619612485059
Ukraine,20.0,12.11502306721194,Europe,Eastern Europe,9.51,2.60502306721194,2.8803849920687177
Ukraine,30.0,11.124606247798608,Europe,Eastern Europe,9.51,1.6146062477986085,1.7852769377727455
Ukraine,40.0,10.519004957386608,Europe,Eastern Europe,9.51,1.0090049573866082,1.1156610368482656
Ukraine,50.0,9.68272566515182,Europe,Eastern Europe,9.51,0.17272566515181964,0.1909834964267174
United Arab Emirates,10.0,2.1824194213867185e-06,Near East,West Asia,0.315,-0.3149978175805786,317.45811799504014
United Arab Emirates,20.0,0.0,Near East,West Asia,0.315,-0.315,317.46031746031747
United Arab Emirates,30.0,0.0,Near East,West Asia,0.315,-0.315,317.46031746031747
United Arab Emirates,40.0,0.0,Near East,West Asia,0.315,-0.315,317.46031746031747
United Arab Emirates,50.0,0.0,Near East,West Asia,0.315,-0.315,317.46031746031747
United Kingdom,10.0,4.494777472832365,Europe,Western Europe,2.954,1.540777472832365,17.657082175304165
United Kingdom,20.0,4.011652727253108,Europe,Western Europe,2.954,1.057652727253108,12.120543976874796
United Kingdom,30.0,3.68191714803102,Europe,Western Europe,2.954,0.72791714803102,8.341822960306967
United Kingdom,40.0,3.3887354319875977,Europe,Western Europe,2.954,0.43473543198759756,4.982003814613484
United Kingdom,50.0,2.9515709297572648,Europe,Western Europe,2.954,-0.0024290702427354205,0.0278367860653631
Uruguay,10.0,1.881454261747456,Americas,South America,1.336,0.5454542617474558,30.559442216658883
Uruguay,20.0,1.7848873217477157,Americas,South America,1.336,0.4488873217477156,25.149214393875923
Uruguay,30.0,1.6979124540032615,Americas,South America,1.336,0.36191245400326144,20.27638887662146
Uruguay,40.0,1.598486116938192,Americas,South America,1.336,0.262486116938192,14.705961408294488
Uruguay,50.0,1.38995916884725,Americas,South America,1.336,0.05395916884724983,3.023098760221874
Uzbekistan,10.0,0.2630841852763585,Near East,Central Asia,2.961,-2.6979158147236415,30.77170633208226
Uzbekistan,20.0,0.1696228799262692,Near East,Central Asia,2.961,-2.7913771200737307,31.837700988383506
Uzbekistan,30.0,0.1094228241914188,Near East,Central Asia,2.961,-2.851577175808581,32.52432672597626
Uzbekistan,40.0,0.0879681071980064,Near East,Central Asia,2.961,-2.8730318928019933,32.769033490789404
Uzbekistan,50.0,0.0522028655380768,Near East,Central Asia,2.961,-2.9087971344619232,33.1769622731662
Vanuatu,10.0,1.0549662991543665,Asia and the Pacific,Pacific Region,0.967,0.08796629915436649,9.407264886483159
Vanuatu,20.0,1.0532819449775566,Asia and the Pacific,Pacific Region,0.967,0.08628194497755659,9.227137200582684
Vanuatu,30.0,1.0510897404205892,Asia and the Pacific,Pacific Region,0.967,0.08408974042058925,8.99269913565332
Vanuatu,40.0,1.0478633364965595,Asia and the Pacific,Pacific Region,0.967,0.08086333649655952,8.647662040357606
Vanuatu,50.0,1.0350892847605264,Asia and the Pacific,Pacific Region,0.967,0.06808928476052645,7.28158333169639
Venezuela,10.0,58.85864295263922,Americas,South America,49.232,9.626642952639223,0.39717317307456534
Venezuela,20.0,57.62190014471655,Americas,South America,49.232,8.389900144716549,0.3461480059715173
Venezuela,30.0,56.59394558773136,Americas,South America,49.232,7.361945587731363,0.3037369624558405
Venezuela,40.0,55.48550861055218,Americas,South America,49.232,6.253508610552181,0.2580053991740903
Venezuela,50.0,53.75549738511595,Americas,South America,49.232,4.523497385115952,0.1866291103430242
Vietnam,10.0,18.13445792138015,Asia and the Pacific,Southeast Asia,11.784,6.3504579213801495,4.573193473542771
Vietnam,20.0,17.289891950887053,Asia and the Pacific,Southeast Asia,11.784,5.505891950887053,3.964991099469574
Vietnam,30.0,16.533178495291875,Asia and the Pacific,Southeast Asia,11.784,4.749178495291874,3.4200544855572064
Vietnam,40.0,15.944062258913611,Asia and the Pacific,Southeast Asia,11.784,4.1600622589136105,2.995810665549714
Vietnam,50.0,14.736396445561407,Asia and the Pacific,Southeast Asia,11.784,2.9523964455614067,2.1261270168715525
West Bank,10.0,0.001208134795268,Near East,South/East Mediterranean,0.009,-0.007791865204731999,9619.586672508642
West Bank,20.0,0.0007927899048265442,Near East,South/East Mediterranean,0.009,-0.008207210095173455,10132.358142189452
West Bank,30.0,0.0003880048673900658,Near East,South/East Mediterranean,0.009,-0.008611995132609934,10632.092756308562
West Bank,40.0,0.0003250793625577316,Near East,South/East Mediterranean,0.009,-0.008674920637442268,10709.778564743543
West Bank,50.0,0.00015814409057844555,Near East,South/East Mediterranean,0.009,-0.008841855909421555,10915.871493113033
Yemen,10.0,0.0075521256470518,Near East,West Asia,0.549,-0.5414478743529483,179.64368875781705
Yemen,20.0,0.0010420550670776,Near East,West Asia,0.549,-0.5479579449329225,181.80362538044744
Yemen,30.0,0.00012467246355590814,Near East,West Asia,0.549,-0.5488753275364442,182.1079981607374
Yemen,40.0,6.079396862182616e-05,Near East,West Asia,0.549,-0.5489392060313782,182.129192017073
Yemen,50.0,7.824487689208983e-06,Near East,West Asia,0.549,-0.5489921755123108,182.14676643817066
Zambia,10.0,61.58971057229657,Africa,Southern Africa,47.054,14.535710572296566,0.656512758748323
Zambia,20.0,39.95742666807981,Africa,Southern Africa,47.054,-7.09657333192019,0.32052034282233277
Zambia,30.0,24.100329614285037,Africa,Southern Africa,47.054,-22.953670385714965,1.0367141938727067
Zambia,40.0,17.750224356912636,Africa,Southern Africa,47.054,-29.303775643087366,1.3235199265628779
Zambia,50.0,9.22192793271933,Africa,Southern Africa,47.054,-37.83207206728067,1.7087047708140801
Zimbabwe,10.0,18.678327691582677,Africa,Southern Africa,15.658,3.0203276915826773,1.2319171095809232
Zimbabwe,20.0,4.240769570178498,Africa,Southern Africa,15.658,-11.417230429821501,4.656806461670668
Zimbabwe,30.0,1.4237556373145774,Africa,Southern Africa,15.658,-14.234244362685422,5.80579690780482
Zimbabwe,40.0,0.7637492518944868,Africa,Southern Africa,15.658,-14.894250748105513,6.074997220372763
Zimbabwe,50.0,0.2988215534729052,Africa,Southern Africa,15.658,-15.359178446527094,6.264629751968531
United States,,200.79025539879478,Americas,North America,303.536,-102.74574460120522,0.11151760415045568
United States,,189.1090556239405,Americas,North America,303.536,-114.42694437605951,0.12419607971701761
United States,,178.44060751089395,Americas,North America,303.536,-125.09539248910605,0.1357753405242476
United States,,172.0957543829184,Americas,North America,303.536,-131.44024561708162,0.14266188188189388
United States,,169.61935311782216,Americas,North America,303.536,-133.91664688217784,0.1453497044975222
